Workbook

Sheet Table Form
A1: Sector | B1: Year | C1: Month | D1: Cereals and products | E1: Meat and fish | F1: Egg | G1: Milk and products | H1: Oils and fats | I1: Fruits | J1: Vegetables | K1: Pulses and products | L1: Sugar and Confectionery | M1: Spices | N1: Non-alcoholic beverages | O1: Prepared meals, snacks, sweets etc. | P1: Food and beverages | Q1: Clothing | R1: Footwear | S1: Clothing and footwear | T1: Housing | U1: Fuel and light | V1: Household goods and services | W1: Health | X1: Personal care and effects | Y1: Transport and communication | Z1: Recreation and amusement | AA1: Education | AB1: Pan, tobacco and intoxicants | AC1: Miscellaneous | AD1: General index
A2: Rural | B2: 2013 | C2: January | D2: 107.5 | E2: 106.3 | F2: 108.1 | G2: 104.9 | H2: 106.1 | I2: 103.9 | J2: 101.9 | K2: 106.1 | L2: 106.8 | M2: 103.1 | N2: 104.8 | O2: 106.7 | P2: 105.5 | Q2: 106.5 | R2: 105.8 | S2: 106.4 | T2: 139.2561 | U2: 105.5 | V2: 104.8 | W2: 104 | X2: 104.7 | Y2: 103.3 | Z2: 103.4 | AA2: 103.8 | AB2: 105.1 | AC2: 104 | AD2: 105.1
A3: Urban | B3: 2013 | C3: January | D3: 110.5 | E3: 109.1 | F3: 113 | G3: 103.6 | H3: 103.4 | I3: 102.3 | J3: 102.9 | K3: 105.8 | L3: 105.1 | M3: 101.8 | N3: 105.1 | O3: 107.9 | P3: 105.9 | Q3: 105.9 | R3: 105 | S3: 105.8 | T3: 139.2561 | U3: 105.4 | V3: 104.8 | W3: 104.1 | X3: 104.3 | Y3: 103.2 | Z3: 102.9 | AA3: 103.5 | AB3: 105.2 | AC3: 103.7 | AD3: 104
A4: Rural+Urban | B4: 2013 | C4: January | D4: 108.4 | E4: 107.3 | F4: 110 | G4: 104.4 | H4: 105.1 | I4: 103.2 | J4: 102.2 | K4: 106 | L4: 106.2 | M4: 102.7 | N4: 104.9 | O4: 107.3 | P4: 105.6 | Q4: 106.3 | R4: 105.5 | S4: 106.2 | T4: 139.2561 | U4: 105.5 | V4: 104.8 | W4: 104 | X4: 104.5 | Y4: 103.2 | Z4: 103.1 | AA4: 103.6 | AB4: 105.1 | AC4: 103.9 | AD4: 104.6
A5: Rural | B5: 2013 | C5: February | D5: 109.2 | E5: 108.7 | F5: 110.2 | G5: 105.4 | H5: 106.7 | I5: 104 | J5: 102.4 | K5: 105.9 | L5: 105.7 | M5: 103.1 | N5: 105.1 | O5: 107.7 | P5: 106.3 | Q5: 107.1 | R5: 106.3 | S5: 107 | T5: 139.2561 | U5: 106.2 | V5: 105.2 | W5: 104.4 | X5: 104.6 | Y5: 103.9 | Z5: 104 | AA5: 104.1 | AB5: 105.6 | AC5: 104.4 | AD5: 105.8
A6: Urban | B6: 2013 | C6: February | D6: 112.9 | E6: 112.9 | F6: 116.9 | G6: 104 | H6: 103.5 | I6: 103.1 | J6: 104.9 | K6: 104.1 | L6: 103.8 | M6: 102.3 | N6: 106 | O6: 109 | P6: 107.2 | Q6: 106.6 | R6: 105.5 | S6: 106.4 | T6: 139.2561 | U6: 105.7 | V6: 105.2 | W6: 104.7 | X6: 104.3 | Y6: 104.4 | Z6: 103.3 | AA6: 103.7 | AB6: 106 | AC6: 104.3 | AD6: 104.7
A7: Rural+Urban | B7: 2013 | C7: February | D7: 110.4 | E7: 110.2 | F7: 112.8 | G7: 104.9 | H7: 105.5 | I7: 103.6 | J7: 103.2 | K7: 105.3 | L7: 105.1 | M7: 102.8 | N7: 105.5 | O7: 108.3 | P7: 106.6 | Q7: 106.9 | R7: 106 | S7: 106.8 | T7: 139.2561 | U7: 106 | V7: 105.2 | W7: 104.5 | X7: 104.5 | Y7: 104.2 | Z7: 103.6 | AA7: 103.9 | AB7: 105.7 | AC7: 104.4 | AD7: 105.3
A8: Rural | B8: 2013 | C8: March | D8: 110.2 | E8: 108.8 | F8: 109.9 | G8: 105.6 | H8: 106.2 | I8: 105.7 | J8: 101.4 | K8: 105.7 | L8: 105 | M8: 103.3 | N8: 105.6 | O8: 108.2 | P8: 106.6 | Q8: 107.6 | R8: 106.8 | S8: 107.5 | T8: 139.2561 | U8: 106.1 | V8: 105.6 | W8: 104.7 | X8: 104.3 | Y8: 104.6 | Z8: 104 | AA8: 104.3 | AB8: 106.5 | AC8: 104.6 | AD8: 106
A9: Urban | B9: 2013 | C9: March | D9: 113.9 | E9: 111.4 | F9: 113.2 | G9: 104.3 | H9: 102.7 | I9: 104.9 | J9: 103.8 | K9: 103.5 | L9: 102.6 | M9: 102.4 | N9: 107 | O9: 109.8 | P9: 107.3 | Q9: 107.2 | R9: 106 | S9: 107 | T9: 139.2561 | U9: 106 | V9: 105.7 | W9: 105.2 | X9: 104.2 | Y9: 105.5 | Z9: 103.5 | AA9: 103.8 | AB9: 106.8 | AC9: 104.9 | AD9: 105
A10: Rural+Urban | B10: 2013 | C10: March | D10: 111.4 | E10: 109.7 | F10: 111.2 | G10: 105.1 | H10: 104.9 | I10: 105.3 | J10: 102.2 | K10: 105 | L10: 104.2 | M10: 103 | N10: 106.2 | O10: 108.9 | P10: 106.9 | Q10: 107.4 | R10: 106.5 | S10: 107.3 | T10: 139.2561 | U10: 106.1 | V10: 105.6 | W10: 104.9 | X10: 104.3 | Y10: 105.1 | Z10: 103.7 | AA10: 104 | AB10: 106.6 | AC10: 104.7 | AD10: 105.5
A11: Rural | B11: 2013 | C11: April | D11: 110.2 | E11: 109.5 | F11: 106.9 | G11: 106.3 | H11: 105.7 | I11: 108.3 | J11: 103.4 | K11: 105.7 | L11: 104.2 | M11: 103.2 | N11: 106.5 | O11: 108.8 | P11: 107.1 | Q11: 108.1 | R11: 107.4 | S11: 108 | T11: 139.2561 | U11: 106.5 | V11: 106.1 | W11: 105.1 | X11: 102.7 | Y11: 104.4 | Z11: 104.5 | AA11: 104.8 | AB11: 107.1 | AC11: 104.6 | AD11: 106.4
A12: Urban | B12: 2013 | C12: April | D12: 114.6 | E12: 113.4 | F12: 106 | G12: 104.7 | H12: 102.1 | I12: 109.5 | J12: 109.7 | K12: 104.6 | L12: 102 | M12: 103.5 | N12: 108.2 | O12: 110.6 | P12: 108.8 | Q12: 107.9 | R12: 106.4 | S12: 107.7 | T12: 139.2561 | U12: 106.4 | V12: 106.5 | W12: 105.7 | X12: 103.2 | Y12: 105 | Z12: 104 | AA12: 105.2 | AB12: 108.5 | AC12: 105.1 | AD12: 105.7
A13: Rural+Urban | B13: 2013 | C13: April | D13: 111.6 | E13: 110.9 | F13: 106.6 | G13: 105.7 | H13: 104.4 | I13: 108.9 | J13: 105.5 | K13: 105.3 | L13: 103.5 | M13: 103.3 | N13: 107.2 | O13: 109.6 | P13: 107.7 | Q13: 108 | R13: 107 | S13: 107.9 | T13: 139.2561 | U13: 106.5 | V13: 106.3 | W13: 105.3 | X13: 102.9 | Y13: 104.7 | Z13: 104.2 | AA13: 105 | AB13: 107.5 | AC13: 104.8 | AD13: 106.1
... A259: Rural+Urban | B259: 2020 | C259: March | D259: 145.1 | E259: 167 | F259: 148.1 | G259: 151.5 | H259: 131.2 | I259: 142.5 | J259: 157.3 | K259: 141.1 | L259: 113.2 | M259: 153.2 | N259: 136.7 | O259: 159.6 | P259: 148.9 | Q259: 151.2 | R259: 141.9 | S259: 149.8 | T259: 139.2561 | U259: 148.9 | V259: 146.4 | W259: 152.3 | X259: 145.2 | Y259: 129.9 | Z259: 143.7 | AA259: 156.1 | AB259: 171.2 | AC259: 143.8 | AD259: 148.6
A260: Rural | B260: 2020 | C260: April | D260: 147.2 | E260: 156.26475 | F260: 146.9 | G260: 155.6 | H260: 137.1 | I260: 147.3 | J260: 162.7 | K260: 150.2 | L260: 119.8 | M260: 158.7 | N260: 139.2 | O260: 149.08716 | P260: 150.1 | Q260: 142.66366 | R260: 133.1 | S260: 141.67432 | T260: 139.2561 | U260: 148.4 | V260: 136.68689 | W260: 154.3 | X260: 127.65 | Y260: 119.7 | Z260: 129.85 | AA260: 141.13115 | AB260: 155.38579 | AC260: 129.65 | AD260: NA
A261: Urban | B261: 2020 | C261: April | D261: 151.8 | E261: 156.26475 | F261: 151.9 | G261: 155.5 | H261: 131.6 | I261: 152.9 | J261: 180 | K261: 150.8 | L261: 121.2 | M261: 154 | N261: 133.5 | O261: 149.08716 | P261: 153.5 | Q261: 142.66366 | R261: 133.1 | S261: 141.67432 | T261: 139.2561 | U261: 137.1 | V261: 136.68689 | W261: 144.8 | X261: 127.65 | Y261: 119.7 | Z261: 129.85 | AA261: 141.13115 | AB261: 155.38579 | AC261: 129.65 | AD261: NA
A262: Rural+Urban | B262: 2020 | C262: April | D262: 148.7 | E262: 156.26475 | F262: 148.8 | G262: 155.6 | H262: 135.1 | I262: 149.9 | J262: 168.6 | K262: 150.4 | L262: 120.3 | M262: 157.1 | N262: 136.8 | O262: 149.08716 | P262: 151.4 | Q262: 142.66366 | R262: 133.1 | S262: 141.67432 | T262: 139.2561 | U262: 144.1 | V262: 136.68689 | W262: 150.7 | X262: 127.65 | Y262: 119.7 | Z262: 129.85 | AA262: 141.13115 | AB262: 155.38579 | AC262: 129.65 | AD262: NA
A263: Rural | B263: 2020 | C263: May | D263: 136.68591 | E263: 156.26475 | F263: 135.5 | G263: NA | H263: 120.5 | I263: 140.84092 | J263: 155.75203 | K263: 141.43089 | L263: 110.92493 | M263: 139.5 | N263: 129 | O263: 149.08716 | P263: 138.6 | Q263: 142.66366 | R263: 133.1 | S263: 141.67432 | T263: 139.2561 | U263: 132.2 | V263: 136.68689 | W263: 133.6 | X263: 127.65 | Y263: 119.7 | Z263: 129.85 | AA263: 141.13115 | AB263: 155.38579 | AC263: 129.65 | AD263: NA
A264: Urban | B264: 2020 | C264: May | D264: 136.68591 | E264: 156.26475 | F264: 135.5 | G264: NA | H264: 120.5 | I264: 140.84092 | J264: 155.75203 | K264: 141.43089 | L264: 110.92493 | M264: 139.5 | N264: 129 | O264: 149.08716 | P264: 138.6 | Q264: 142.66366 | R264: 133.1 | S264: 141.67432 | T264: 139.2561 | U264: 132.2 | V264: 136.68689 | W264: 133.6 | X264: 127.65 | Y264: 119.7 | Z264: 129.85 | AA264: 141.13115 | AB264: 155.38579 | AC264: 129.65 | AD264: NA
A265: Rural+Urban | B265: 2020 | C265: May | D265: 136.68591 | E265: 156.26475 | F265: 135.5 | G265: NA | H265: 120.5 | I265: 140.84092 | J265: 155.75203 | K265: 141.43089 | L265: 110.92493 | M265: 139.5 | N265: 129 | O265: 149.08716 | P265: 138.6 | Q265: 142.66366 | R265: 133.1 | S265: 141.67432 | T265: 139.2561 | U265: 132.2 | V265: 136.68689 | W265: 133.6 | X265: 127.65 | Y265: 119.7 | Z265: 129.85 | AA265: 141.13115 | AB265: 155.38579 | AC265: 129.65 | AD265: NA
A266: Rural | B266: 2020 | C266: June | D266: 136.68591 | E266: 156.26475 | F266: 135.5 | G266: 153.3 | H266: 120.5 | I266: 140.84092 | J266: 155.75203 | K266: 141.43089 | L266: 110.92493 | M266: 139.5 | N266: 129 | O266: 149.08716 | P266: 138.6 | Q266: 154.7 | R266: 133.1 | S266: 141.67432 | T266: 139.2561 | U266: 132.2 | V266: 136.68689 | W266: 133.6 | X266: 127.65 | Y266: 119.7 | Z266: 129.85 | AA266: 141.13115 | AB266: 155.38579 | AC266: 129.65 | AD266: 152.7
A267: Urban | B267: 2020 | C267: June | D267: 136.68591 | E267: 156.26475 | F267: 135.5 | G267: 153.4 | H267: 120.5 | I267: 140.84092 | J267: 155.75203 | K267: 141.43089 | L267: 110.92493 | M267: 139.5 | N267: 129 | O267: 149.08716 | P267: 138.6 | Q267: 149.1 | R267: 133.1 | S267: 141.67432 | T267: 139.2561 | U267: 132.2 | V267: 136.68689 | W267: 133.6 | X267: 127.65 | Y267: 119.7 | Z267: 129.85 | AA267: 141.13115 | AB267: 155.38579 | AC267: 129.65 | AD267: 150.8
A268: Rural+Urban | B268: 2020 | C268: June | D268: 136.68591 | E268: 156.26475 | F268: 135.5 | G268: 153.3 | H268: 120.5 | I268: 140.84092 | J268: 155.75203 | K268: 141.43089 | L268: 110.92493 | M268: 139.5 | N268: 129 | O268: 149.08716 | P268: 138.6 | Q268: 152.5 | R268: 133.1 | S268: 141.67432 | T268: 139.2561 | U268: 132.2 | V268: 136.68689 | W268: 133.6 | X268: 127.65 | Y268: 119.7 | Z268: 129.85 | AA268: 141.13115 | AB268: 155.38579 | AC268: 129.65 | AD268: 151.8
A269: Rural | B269: 2020 | C269: July | D269: 136.68591 | E269: 156.26475 | F269: 135.5 | G269: 153.3 | H269: 120.5 | I269: 140.84092 | J269: 155.75203 | K269: 141.43089 | L269: 110.92493 | M269: 139.5 | N269: 129 | O269: 149.08716 | P269: 138.6 | Q269: 154.7 | R269: 133.1 | S269: 141.67432 | T269: 139.2561 | U269: 132.2 | V269: 136.68689 | W269: 133.6 | X269: 127.65 | Y269: 119.7 | Z269: 129.85 | AA269: 141.13115 | AB269: 155.38579 | AC269: 129.65 | AD269: 152.7
A270: Urban | B270: 2020 | C270: July | D270: 136.68591 | E270: 156.26475 | F270: 135.5 | G270: 153.4 | H270: 120.5 | I270: 140.84092 | J270: 155.75203 | K270: 141.43089 | L270: 110.92493 | M270: 139.5 | N270: 129 | O270: 149.08716 | P270: 138.6 | Q270: 149.1 | R270: 133.1 | S270: 141.67432 | T270: 139.2561 | U270: 132.2 | V270: 136.68689 | W270: 133.6 | X270: 127.65 | Y270: 119.7 | Z270: 129.85 | AA270: 141.13115 | AB270: 155.38579 | AC270: 129.65 | AD270: 150.8
A271: Rural+Urban | B271: 2020 | C271: July | D271: 136.68591 | E271: 156.26475 | F271: 135.5 | G271: 153.3 | H271: 120.5 | I271: 140.84092 | J271: 155.75203 | K271: 141.43089 | L271: 110.92493 | M271: 139.5 | N271: 129 | O271: 149.08716 | P271: 138.6 | Q271: 152.5 | R271: 133.1 | S271: 141.67432 | T271: 139.2561 | U271: 132.2 | V271: 136.68689 | W271: 133.6 | X271: 127.65 | Y271: 119.7 | Z271: 129.85 | AA271: 141.13115 | AB271: 155.38579 | AC271: 129.65 | AD271: 151.8
A272: Rural | B272: 2020 | C272: August | D272: 136.68591 | E272: 156.26475 | F272: 135.5 | G272: 153.3 | H272: 120.5 | I272: 140.84092 | J272: 155.75203 | K272: 141.43089 | L272: 110.92493 | M272: 139.5 | N272: 129 | O272: 149.08716 | P272: 138.6 | Q272: 155.1 | R272: 133.1 | S272: 141.67432 | T272: 139.2561 | U272: 132.2 | V272: 136.68689 | W272: 133.6 | X272: 127.65 | Y272: 119.7 | Z272: 129.85 | AA272: 141.13115 | AB272: 155.38579 | AC272: 129.65 | AD272: 154.7
A273: Urban | B273: 2020 | C273: August | D273: 136.68591 | E273: 156.26475 | F273: 135.5 | G273: 153.4 | H273: 120.5 | I273: 140.84092 | J273: 155.75203 | K273: 141.43089 | L273: 110.92493 | M273: 139.5 | N273: 129 | O273: 149.08716 | P273: 138.6 | Q273: 150 | R273: 133.1 | S273: 141.67432 | T273: 139.2561 | U273: 132.2 | V273: 136.68689 | W273: 133.6 | X273: 127.65 | Y273: 119.7 | Z273: 129.85 | AA273: 141.13115 | AB273: 155.38579 | AC273: 129.65 | AD273: 152.9
A274: Rural+Urban | B274: 2020 | C274: August | D274: 136.68591 | E274: 156.26475 | F274: 135.5 | G274: 153.3 | H274: 120.5 | I274: 140.84092 | J274: 155.75203 | K274: 141.43089 | L274: 110.92493 | M274: 139.5 | N274: 129 | O274: 149.08716 | P274: 138.6 | Q274: 153.1 | R274: 133.1 | S274: 141.67432 | T274: 139.2561 | U274: 132.2 | V274: 136.68689 | W274: 133.6 | X274: 127.65 | Y274: 119.7 | Z274: 129.85 | AA274: 141.13115 | AB274: 155.38579 | AC274: 129.65 | AD274: 153.9
A275: Rural | B275: 2020 | C275: September | D275: 136.68591 | E275: 156.26475 | F275: 135.5 | G275: 153.4 | H275: 120.5 | I275: 140.84092 | J275: 155.75203 | K275: 141.43089 | L275: 110.92493 | M275: 139.5 | N275: 129 | O275: 149.08716 | P275: 138.6 | Q275: 155.4 | R275: 133.1 | S275: 141.67432 | T275: 139.2561 | U275: 132.2 | V275: 136.68689 | W275: 133.6 | X275: 127.65 | Y275: 119.7 | Z275: 129.85 | AA275: 141.13115 | AB275: 155.38579 | AC275: 129.65 | AD275: 155.4
A276: Urban | B276: 2020 | C276: September | D276: 136.68591 | E276: 156.26475 | F276: 135.5 | G276: 153.9 | H276: 120.5 | I276: 140.84092 | J276: 155.75203 | K276: 141.43089 | L276: 110.92493 | M276: 139.5 | N276: 129 | O276: 149.08716 | P276: 138.6 | Q276: 150.2 | R276: 133.1 | S276: 141.67432 | T276: 139.2561 | U276: 132.2 | V276: 136.68689 | W276: 133.6 | X276: 127.65 | Y276: 119.7 | Z276: 129.85 | AA276: 141.13115 | AB276: 155.38579 | AC276: 129.65 | AD276: 154
A277: Rural+Urban | B277: 2020 | C277: September | D277: 136.68591 | E277: 156.26475 | F277: 135.5 | G277: 153.6 | H277: 120.5 | I277: 140.84092 | J277: 155.75203 | K277: 141.43089 | L277: 110.92493 | M277: 139.5 | N277: 129 | O277: 149.08716 | P277: 138.6 | Q277: 153.4 | R277: 133.1 | S277: 141.67432 | T277: 139.2561 | U277: 132.2 | V277: 136.68689 | W277: 133.6 | X277: 127.65 | Y277: 119.7 | Z277: 129.85 | AA277: 141.13115 | AB277: 155.38579 | AC277: 129.65 | AD277: 154.7
... A373: Rural+Urban | B373: 2023 | C373: May | D373: 136.68591 | E373: 156.26475 | F373: 135.5 | G373: 179.5 | H373: 120.5 | I373: 140.84092 | J373: 155.75203 | K373: 141.43089 | L373: 110.92493 | M373: 139.5 | N373: 129 | O373: 149.08716 | P373: 138.6 | Q373: 187.3 | R373: 133.1 | S373: 141.67432 | T373: 175.6 | U373: 132.2 | V373: 136.68689 | W373: 133.6 | X373: 127.65 | Y373: 119.7 | Z373: 129.85 | AA373: 141.13115 | AB373: 155.38579 | AC373: 129.65 | AD373: 179.1
D374: 136.68591 | E374: 156.26475 | F374: 135.5 | H374: 120.5 | I374: 140.84092 | J374: 155.75203 | K374: 141.43089 | L374: 110.92493 | M374: 139.5 | N374: 129 | O374: 149.08716 | P374: 138.6 | Q374: 142.66366 | R374: 133.1 | S374: 141.67432 | T374: 139.26 | U374: 132.2 | V374: 136.68689 | W374: 133.6 | X374: 127.65 | Y374: 119.7 | Z374: 129.85 | AA374: 141.13115 | AB374: 155.38579 | AC374: 129.65
D375: 136.68591 | E375: 156.26475 | F375: 135.5 | H375: 120.5 | I375: 140.84092 | J375: 155.75203 | K375: 141.43089 | L375: 110.92493 | M375: 139.5 | N375: 129 | O375: 149.08716 | P375: 138.6 | Q375: 142.66366 | R375: 133.1 | S375: 141.67432 | T375: 139.26 | U375: 132.2 | V375: 136.68689 | W375: 133.6 | X375: 127.65 | Y375: 119.7 | Z375: 129.85 | AA375: 141.13115 | AB375: 155.38579 | AC375: 129.65

Sheet Problem Sheet
A1: Problem Statement:
A3: You are working with the National Statistical Office which is equipped to release inflation numbers in India. As an analyst, you are provided with CPI data and are equipped to find out insights from the data. Your senior wants you to find key trends and deep dive into the data to answer the following questions -
A5: 1. Based on the latest month’s data, identify the contribution of different broader categories (food, energy, transportation, education, etc.) towards the CPI basket. Broader categories (buckets) can be created by combining similar categories into one bucket; Ex.: Meals, Beverages, Cereals, can be clubbed to create “Food” category, etc.
A6: Contribution to CPI (Latest Month)
A9: Which broader category has the highest contribution towards CPI calculation
A11: Contribution is calculated by evaluating the underlying index values for broader category and should add to 100% when contribution from different broader categories are added.
A15: 2. A trend of Y-o-Y increase in CPI (rural + urban) inflation starting 2017 for the entire basket of products combined.
A17: YoY CPI Inflation - 2017 Onwards
A19: Create a graph depicting the growth rate Y-o-Y and identify the year with highest inflation rate
A21: Highlight the reason why the year has the highest inflation (based on research).
A25: 3. With India's retail inflation reaching a 3-month high of 5.55% in November 2023, largely due to a sharp rise in food prices. Analyze the following for 12 months ending May’23
A27: Month-on-Month CPI: Food Products (June,22-May,23)
... A47: CPI Inflation : Crude Oil CPI Influence

Sheet Sheet1
A1: Year | B1: Vegetables
A2: {=_xlfn.UNIQUE('Main Data'!B3:B374)} -> 2013
A3: 2014 | C3: John28 Sunil34 Meera30 Arjun41 Neha25
A4: 2015 | F4: >=30 | G4: Snr | H4: else jnr
A5: 2016 | C5: Name | D5: Age | E5: Conact
A6: 2017 | C6: John | D6: 28 | E6: =_xlfn.CONCAT(C6,"(",IF(D6>=30,"Senior","Junior"),")") -> John(Junior)
A7: 2018 | C7: Sunil | D7: 34 | E7: =_xlfn.CONCAT(C7,"(",IF(D7>=30,"Senior","Junior"),")") -> Sunil(Senior)
A8: 2019 | C8: Meera | D8: 30 | E8: =_xlfn.CONCAT(C8,"(",IF(D8>=30,"Senior","Junior"),")") -> Meera(Senior)
A9: 2020 | C9: Arjun | D9: 41 | E9: =_xlfn.CONCAT(C9,"(",IF(D9>=30,"Senior","Junior"),")") -> Arjun(Senior)
A10: 2021 | C10: Neha | D10: 25 | E10: =_xlfn.CONCAT(C10,"(",IF(D10>=30,"Senior","Junior"),")") -> Neha(Junior)
A11: 2022
A12: 2023

Sheet Main Data
A1: INFO | E1: Food Products | S1: Clothing & Misc | W1: Housing & Misc | AA1: Health and personal Care | AD1: Transport and communication | AE1: Education and Entertainment | AH1: Miscellaneuos | AK1: General
A2: Sector | B2: Year | C2: Month | D2: Yes/No | E2: Cereals and products | F2: Meat and fish | G2: Egg | H2: Milk and products | I2: Oils and fats | J2: Fruits | K2: Vegetables | L2: Pulses and products | M2: Sugar and Confectionery | N2: Spices | O2: Non-alcoholic beverages | P2: Prepared meals, snacks, sweets etc. | Q2: Food and beverages | R2: Total (Food Products) | S2: Clothing | T2: Footwear | U2: Clothing and footwear | V2: Total (Clothing & MISC) | W2: Housing | X2: Fuel and light | Y2: Household goods and services | Z2: Total (Housing & MISC) | AA2: Health | AB2: Personal care and effects | AC2: Total (Health & Personal Care) | AD2: Transport and communication | AE2: Recreation and amusement | AF2: Education | AG2: Total Edu & Ent | AH2: Pan, tobacco and intoxicants | AI2: Miscellaneous | AJ2: Total (MISC) | AK2: General index
A3: Rural | B3: 2013 | C3: January | D3: =IF(H3>120,IF(M3>120,"Yes","No"),"No") -> No | E3: 107.5 | F3: 106.3 | G3: 108.1 | H3: 104.9 | I3: 106.1 | J3: 103.9 | K3: 101.9 | L3: 106.1 | M3: 106.8 | N3: 103.1 | O3: 104.8 | P3: 106.7 | Q3: 105.5 | R3: =SUM(E3:Q3) -> 1371.7 | S3: 106.5 | T3: 105.8 | U3: 106.4 | V3: =SUM(S3:U3) -> 318.7 | W3: 139.25 | X3: 105.5 | Y3: 104.8 | Z3: =SUM(W3:Y3) -> 349.55 | AA3: 104 | AB3: 104.7 | AC3: =SUM(AA3:AB3) -> 208.7 | AD3: 103.3 | AE3: 103.4 | AF3: 103.8 | AG3: =SUM(AE3:AF3) -> 207.2 | AH3: 105.1 | AI3: 104 | AJ3: =SUM(AH3:AI3) -> 209.1 | AK3: 105.1
A4: Urban | B4: 2013 | C4: January | D4: =IF(H4>120,IF(M4>120,"Yes","No"),"No") -> No | E4: 110.5 | F4: 109.1 | G4: 113 | H4: 103.6 | I4: 103.4 | J4: 102.3 | K4: 102.9 | L4: 105.8 | M4: 105.1 | N4: 101.8 | O4: 105.1 | P4: 107.9 | Q4: 105.9 | R4: =SUM(E4:Q4) -> 1376.4 | S4: 105.9 | T4: 105 | U4: 105.8 | V4: =SUM(S4:U4) -> 316.7 | W4: 100.3 | X4: 105.4 | Y4: 104.8 | Z4: =SUM(W4:Y4) -> 310.5 | AA4: 104.1 | AB4: 104.3 | AC4: =SUM(AA4:AB4) -> 208.4 | AD4: 103.2 | AE4: 102.9 | AF4: 103.5 | AG4: =SUM(AE4:AF4) -> 206.4 | AH4: 105.2 | AI4: 103.7 | AJ4: =SUM(AH4:AI4) -> 208.9 | AK4: 104
A5: Rural+Urban | B5: 2013 | C5: January | D5: =IF(H5>120,IF(M5>120,"Yes","No"),"No") -> No | E5: 108.4 | F5: 107.3 | G5: 110 | H5: 104.4 | I5: 105.1 | J5: 103.2 | K5: 102.2 | L5: 106 | M5: 106.2 | N5: 102.7 | O5: 104.9 | P5: 107.3 | Q5: 105.6 | R5: =SUM(E5:Q5) -> 1373.3 | S5: 106.3 | T5: 105.5 | U5: 106.2 | V5: =SUM(S5:U5) -> 318 | W5: 100.3 | X5: 105.5 | Y5: 104.8 | Z5: =SUM(W5:Y5) -> 310.6 | AA5: 104 | AB5: 104.5 | AC5: =SUM(AA5:AB5) -> 208.5 | AD5: 103.2 | AE5: 103.1 | AF5: 103.6 | AG5: =SUM(AE5:AF5) -> 206.7 | AH5: 105.1 | AI5: 103.9 | AJ5: =SUM(AH5:AI5) -> 209 | AK5: 104.6
A6: Rural | B6: 2013 | C6: February | D6: =IF(H6>120,IF(M6>120,"Yes","No"),"No") -> No | E6: 109.2 | F6: 108.7 | G6: 110.2 | H6: 105.4 | I6: 106.7 | J6: 104 | K6: 102.4 | L6: 105.9 | M6: 105.7 | N6: 103.1 | O6: 105.1 | P6: 107.7 | Q6: 106.3 | R6: =SUM(E6:Q6) -> 1380.4 | S6: 107.1 | T6: 106.3 | U6: 107 | V6: =SUM(S6:U6) -> 320.4 | W6: 139.25 | X6: 106.2 | Y6: 105.2 | Z6: =SUM(W6:Y6) -> 350.65 | AA6: 104.4 | AB6: 104.6 | AC6: =SUM(AA6:AB6) -> 209 | AD6: 103.9 | AE6: 104 | AF6: 104.1 | AG6: =SUM(AE6:AF6) -> 208.1 | AH6: 105.6 | AI6: 104.4 | AJ6: =SUM(AH6:AI6) -> 210 | AK6: 105.8
A7: Urban | B7: 2013 | C7: February | D7: =IF(H7>120,IF(M7>120,"Yes","No"),"No") -> No | E7: 112.9 | F7: 112.9 | G7: 116.9 | H7: 104 | I7: 103.5 | J7: 103.1 | K7: 104.9 | L7: 104.1 | M7: 103.8 | N7: 102.3 | O7: 106 | P7: 109 | Q7: 107.2 | R7: =SUM(E7:Q7) -> 1390.6 | S7: 106.6 | T7: 105.5 | U7: 106.4 | V7: =SUM(S7:U7) -> 318.5 | W7: 100.4 | X7: 105.7 | Y7: 105.2 | Z7: =SUM(W7:Y7) -> 311.3 | AA7: 104.7 | AB7: 104.3 | AC7: =SUM(AA7:AB7) -> 209 | AD7: 104.4 | AE7: 103.3 | AF7: 103.7 | AG7: =SUM(AE7:AF7) -> 207 | AH7: 106 | AI7: 104.3 | AJ7: =SUM(AH7:AI7) -> 210.3 | AK7: 104.7
A8: Rural+Urban | B8: 2013 | C8: February | D8: =IF(H8>120,IF(M8>120,"Yes","No"),"No") -> No | E8: 110.4 | F8: 110.2 | G8: 112.8 | H8: 104.9 | I8: 105.5 | J8: 103.6 | K8: 103.2 | L8: 105.3 | M8: 105.1 | N8: 102.8 | O8: 105.5 | P8: 108.3 | Q8: 106.6 | R8: =SUM(E8:Q8) -> 1384.2 | S8: 106.9 | T8: 106 | U8: 106.8 | V8: =SUM(S8:U8) -> 319.7 | W8: 100.4 | X8: 106 | Y8: 105.2 | Z8: =SUM(W8:Y8) -> 311.6 | AA8: 104.5 | AB8: 104.5 | AC8: =SUM(AA8:AB8) -> 209 | AD8: 104.2 | AE8: 103.6 | AF8: 103.9 | AG8: =SUM(AE8:AF8) -> 207.5 | AH8: 105.7 | AI8: 104.4 | AJ8: =SUM(AH8:AI8) -> 210.1 | AK8: 105.3
A9: Rural | B9: 2013 | C9: March | D9: =IF(H9>120,IF(M9>120,"Yes","No"),"No") -> No | E9: 110.2 | F9: 108.8 | G9: 109.9 | H9: 105.6 | I9: 106.2 | J9: 105.7 | K9: 101.4 | L9: 105.7 | M9: 105 | N9: 103.3 | O9: 105.6 | P9: 108.2 | Q9: 106.6 | R9: =SUM(E9:Q9) -> 1382.2 | S9: 107.6 | T9: 106.8 | U9: 107.5 | V9: =SUM(S9:U9) -> 321.9 | W9: 139.25 | X9: 106.1 | Y9: 105.6 | Z9: =SUM(W9:Y9) -> 350.95 | AA9: 104.7 | AB9: 104.3 | AC9: =SUM(AA9:AB9) -> 209 | AD9: 104.6 | AE9: 104 | AF9: 104.3 | AG9: =SUM(AE9:AF9) -> 208.3 | AH9: 106.5 | AI9: 104.6 | AJ9: =SUM(AH9:AI9) -> 211.1 | AK9: 106
A10: Urban | B10: 2013 | C10: March | D10: =IF(H10>120,IF(M10>120,"Yes","No"),"No") -> No | E10: 113.9 | F10: 111.4 | G10: 113.2 | H10: 104.3 | I10: 102.7 | J10: 104.9 | K10: 103.8 | L10: 103.5 | M10: 102.6 | N10: 102.4 | O10: 107 | P10: 109.8 | Q10: 107.3 | R10: =SUM(E10:Q10) -> 1386.8 | S10: 107.2 | T10: 106 | U10: 107 | V10: =SUM(S10:U10) -> 320.2 | W10: 100.4 | X10: 106 | Y10: 105.7 | Z10: =SUM(W10:Y10) -> 312.1 | AA10: 105.2 | AB10: 104.2 | AC10: =SUM(AA10:AB10) -> 209.4 | AD10: 105.5 | AE10: 103.5 | AF10: 103.8 | AG10: =SUM(AE10:AF10) -> 207.3 | AH10: 106.8 | AI10: 104.9 | AJ10: =SUM(AH10:AI10) -> 211.7 | AK10: 105
A11: Rural+Urban | B11: 2013 | C11: March | D11: =IF(H11>120,IF(M11>120,"Yes","No"),"No") -> No | E11: 111.4 | F11: 109.7 | G11: 111.2 | H11: 105.1 | I11: 104.9 | J11: 105.3 | K11: 102.2 | L11: 105 | M11: 104.2 | N11: 103 | O11: 106.2 | P11: 108.9 | Q11: 106.9 | R11: =SUM(E11:Q11) -> 1384 | S11: 107.4 | T11: 106.5 | U11: 107.3 | V11: =SUM(S11:U11) -> 321.2 | W11: 100.4 | X11: 106.1 | Y11: 105.6 | Z11: =SUM(W11:Y11) -> 312.1 | AA11: 104.9 | AB11: 104.3 | AC11: =SUM(AA11:AB11) -> 209.2 | AD11: 105.1 | AE11: 103.7 | AF11: 104 | AG11: =SUM(AE11:AF11) -> 207.7 | AH11: 106.6 | AI11: 104.7 | AJ11: =SUM(AH11:AI11) -> 211.3 | AK11: 105.5
A12: Rural | B12: 2013 | C12: April | D12: =IF(H12>120,IF(M12>120,"Yes","No"),"No") -> No | E12: 110.2 | F12: 109.5 | G12: 106.9 | H12: 106.3 | I12: 105.7 | J12: 108.3 | K12: 103.4 | L12: 105.7 | M12: 104.2 | N12: 103.2 | O12: 106.5 | P12: 108.8 | Q12: 107.1 | R12: =SUM(E12:Q12) -> 1385.8 | S12: 108.1 | T12: 107.4 | U12: 108 | V12: =SUM(S12:U12) -> 323.5 | W12: 139.25 | X12: 106.5 | Y12: 106.1 | Z12: =SUM(W12:Y12) -> 351.85 | AA12: 105.1 | AB12: 102.7 | AC12: =SUM(AA12:AB12) -> 207.8 | AD12: 104.4 | AE12: 104.5 | AF12: 104.8 | AG12: =SUM(AE12:AF12) -> 209.3 | AH12: 107.1 | AI12: 104.6 | AJ12: =SUM(AH12:AI12) -> 211.7 | AK12: 106.4
A13: Urban | B13: 2013 | C13: April | D13: =IF(H13>120,IF(M13>120,"Yes","No"),"No") -> No | E13: 114.6 | F13: 113.4 | G13: 106 | H13: 104.7 | I13: 102.1 | J13: 109.5 | K13: 109.7 | L13: 104.6 | M13: 102 | N13: 103.5 | O13: 108.2 | P13: 110.6 | Q13: 108.8 | R13: =SUM(E13:Q13) -> 1397.7 | S13: 107.9 | T13: 106.4 | U13: 107.7 | V13: =SUM(S13:U13) -> 322 | W13: 100.5 | X13: 106.4 | Y13: 106.5 | Z13: =SUM(W13:Y13) -> 313.4 | AA13: 105.7 | AB13: 103.2 | AC13: =SUM(AA13:AB13) -> 208.9 | AD13: 105 | AE13: 104 | AF13: 105.2 | AG13: =SUM(AE13:AF13) -> 209.2 | AH13: 108.5 | AI13: 105.1 | AJ13: =SUM(AH13:AI13) -> 213.6 | AK13: 105.7
A14: Rural+Urban | B14: 2013 | C14: April | D14: =IF(H14>120,IF(M14>120,"Yes","No"),"No") -> No | E14: 111.6 | F14: 110.9 | G14: 106.6 | H14: 105.7 | I14: 104.4 | J14: 108.9 | K14: 105.5 | L14: 105.3 | M14: 103.5 | N14: 103.3 | O14: 107.2 | P14: 109.6 | Q14: 107.7 | R14: =SUM(E14:Q14) -> 1390.2 | S14: 108 | T14: 107 | U14: 107.9 | V14: =SUM(S14:U14) -> 322.9 | W14: 100.5 | X14: 106.5 | Y14: 106.3 | Z14: =SUM(W14:Y14) -> 313.3 | AA14: 105.3 | AB14: 102.9 | AC14: =SUM(AA14:AB14) -> 208.2 | AD14: 104.7 | AE14: 104.2 | AF14: 105 | AG14: =SUM(AE14:AF14) -> 209.2 | AH14: 107.5 | AI14: 104.8 | AJ14: =SUM(AH14:AI14) -> 212.3 | AK14: 106.1
... A260: Rural+Urban | B260: 2020 | C260: March | D260: =IF(H260>120,IF(M260>120,"Yes","No"),"No") -> No | E260: 145.1 | F260: 167 | G260: 148.1 | H260: 151.5 | I260: 131.2 | J260: 142.5 | K260: 157.3 | L260: 141.1 | M260: 113.2 | N260: 153.2 | O260: 136.7 | P260: 159.6 | Q260: 148.9 | R260: =SUM(E260:Q260) -> 1895.4 | S260: 151.2 | T260: 141.9 | U260: 149.8 | V260: =SUM(S260:U260) -> 442.9 | W260: 154.5 | X260: 148.9 | Y260: 146.4 | Z260: =SUM(W260:Y260) -> 449.8 | AA260: 152.3 | AB260: 145.2 | AC260: =SUM(AA260:AB260) -> 297.5 | AD260: 129.9 | AE260: 143.7 | AF260: 156.1 | AG260: =SUM(AE260:AF260) -> 299.8 | AH260: 171.2 | AI260: 143.8 | AJ260: =SUM(AH260:AI260) -> 315 | AK260: 148.6
A261: Rural | B261: 2020 | C261: April | D261: =IF(H261>120,IF(M261>120,"Yes","No"),"No") -> No | E261: 147.2 | F261: NA | G261: 146.9 | H261: 155.6 | I261: 137.1 | J261: 147.3 | K261: 162.7 | L261: 150.2 | M261: 119.8 | N261: 158.7 | O261: 139.2 | P261: NA | Q261: 150.1 | R261: NA | S261: NA | T261: NA | U261: NA | V261: NA | W261: 139.25 | X261: 148.4 | Y261: NA | Z261: NA | AA261: 154.3 | AB261: NA | AC261: NA | AD261: NA | AE261: NA | AF261: NA | AG261: NA | AH261: NA | AI261: NA | AJ261: NA | AK261: NA
A262: Urban | B262: 2020 | C262: April | D262: =IF(H262>120,IF(M262>120,"Yes","No"),"No") -> Yes | E262: 151.8 | F262: NA | G262: 151.9 | H262: 155.5 | I262: 131.6 | J262: 152.9 | K262: 180 | L262: 150.8 | M262: 121.2 | N262: 154 | O262: 133.5 | P262: NA | Q262: 153.5 | R262: NA | S262: NA | T262: NA | U262: NA | V262: NA | W262: 155.6 | X262: 137.1 | Y262: NA | Z262: NA | AA262: 144.8 | AB262: NA | AC262: NA | AD262: NA | AE262: NA | AF262: NA | AG262: NA | AH262: NA | AI262: NA | AJ262: NA | AK262: NA
A263: Rural+Urban | B263: 2020 | C263: April | D263: =IF(H263>120,IF(M263>120,"Yes","No"),"No") -> Yes | E263: 148.7 | F263: NA | G263: 148.8 | H263: 155.6 | I263: 135.1 | J263: 149.9 | K263: 168.6 | L263: 150.4 | M263: 120.3 | N263: 157.1 | O263: 136.8 | P263: NA | Q263: 151.4 | R263: NA | S263: NA | T263: NA | U263: NA | V263: NA | W263: 155.6 | X263: 144.1 | Y263: NA | Z263: NA | AA263: 150.7 | AB263: NA | AC263: NA | AD263: NA | AE263: NA | AF263: NA | AG263: NA | AH263: NA | AI263: NA | AJ263: NA | AK263: NA
A264: Rural | B264: 2020 | C264: May | D264: =IF(H264>120,IF(M264>120,"Yes","No"),"No") -> Yes | E264: NA | F264: NA | G264: NA | H264: NA | I264: NA | J264: NA | K264: NA | L264: NA | M264: NA | N264: NA | O264: NA | P264: NA | Q264: NA | R264: NA | S264: NA | T264: NA | U264: NA | V264: NA | W264: 139.25 | X264: NA | Y264: NA | Z264: NA | AA264: NA | AB264: NA | AC264: NA | AD264: NA | AE264: NA | AF264: NA | AG264: NA | AH264: NA | AI264: NA | AJ264: NA | AK264: NA
A265: Urban | B265: 2020 | C265: May | D265: =IF(H265>120,IF(M265>120,"Yes","No"),"No") -> Yes | E265: NA | F265: NA | G265: NA | H265: NA | I265: NA | J265: NA | K265: NA | L265: NA | M265: NA | N265: NA | O265: NA | P265: NA | Q265: NA | R265: NA | S265: NA | T265: NA | U265: NA | V265: NA | W265: 139.25 | X265: NA | Y265: NA | Z265: NA | AA265: NA | AB265: NA | AC265: NA | AD265: NA | AE265: NA | AF265: NA | AG265: NA | AH265: NA | AI265: NA | AJ265: NA | AK265: NA
A266: Rural+Urban | B266: 2020 | C266: May | D266: =IF(H266>120,IF(M266>120,"Yes","No"),"No") -> Yes | E266: NA | F266: NA | G266: NA | H266: NA | I266: NA | J266: NA | K266: NA | L266: NA | M266: NA | N266: NA | O266: NA | P266: NA | Q266: NA | R266: NA | S266: NA | T266: NA | U266: NA | V266: NA | W266: 139.25 | X266: NA | Y266: NA | Z266: NA | AA266: NA | AB266: NA | AC266: NA | AD266: NA | AE266: NA | AF266: NA | AG266: NA | AH266: NA | AI266: NA | AJ266: NA | AK266: NA
A267: Rural | B267: 2020 | C267: June | D267: =IF(H267>120,IF(M267>120,"Yes","No"),"No") -> No | E267: 148.2 | F267: 190.3 | G267: 149.4 | H267: 153.3 | I267: 138.2 | J267: 143.2 | K267: 148.9 | L267: 150.3 | M267: 113.2 | N267: 159.8 | O267: 142.1 | P267: 161.8 | Q267: 152.3 | R267: =SUM(E267:Q267) -> 1951 | S267: 154.7 | T267: 150 | U267: 154.1 | V267: =SUM(S267:U267) -> 458.8 | W267: 139.25 | X267: 144.9 | Y267: 151.7 | Z267: =SUM(W267:Y267) -> 435.85 | AA267: 158.2 | AB267: 151.2 | AC267: =SUM(AA267:AB267) -> 309.4 | AD267: 141.4 | AE267: 153.2 | AF267: 161.8 | AG267: =SUM(AE267:AF267) -> 315 | AH267: 182.4 | AI267: 151.7 | AJ267: =SUM(AH267:AI267) -> 334.1 | AK267: 152.7
A268: Urban | B268: 2020 | C268: June | D268: =IF(H268>120,IF(M268>120,"Yes","No"),"No") -> No | E268: 152.7 | F268: 197 | G268: 154.6 | H268: 153.4 | I268: 132.9 | J268: 151.8 | K268: 171.2 | L268: 152 | M268: 116.3 | N268: 158.8 | O268: 135.6 | P268: 161.7 | Q268: 157 | R268: =SUM(E268:Q268) -> 1995 | S268: 149.1 | T268: 136.6 | U268: 147.2 | V268: =SUM(S268:U268) -> 432.9 | W268: 154.7 | X268: 137.1 | Y268: 140.4 | Z268: =SUM(W268:Y268) -> 432.2 | AA268: 148.1 | AB268: 152.2 | AC268: =SUM(AA268:AB268) -> 300.3 | AD268: 129.3 | AE268: 144.5 | AF268: 152.5 | AG268: =SUM(AE268:AF268) -> 297 | AH268: 186.7 | AI268: 142 | AJ268: =SUM(AH268:AI268) -> 328.7 | AK268: 150.8
A269: Rural+Urban | B269: 2020 | C269: June | D269: =IF(H269>120,IF(M269>120,"Yes","No"),"No") -> No | E269: 149.6 | F269: 192.7 | G269: 151.4 | H269: 153.3 | I269: 136.3 | J269: 147.2 | K269: 156.5 | L269: 150.9 | M269: 114.2 | N269: 159.5 | O269: 139.4 | P269: 161.8 | Q269: 154 | R269: =SUM(E269:Q269) -> 1966.8 | S269: 152.5 | T269: 144.4 | U269: 151.4 | V269: =SUM(S269:U269) -> 448.3 | W269: 154.7 | X269: 141.9 | Y269: 146.4 | Z269: =SUM(W269:Y269) -> 443 | AA269: 154.4 | AB269: 151.6 | AC269: =SUM(AA269:AB269) -> 306 | AD269: 135 | AE269: 148.3 | AF269: 156.4 | AG269: =SUM(AE269:AF269) -> 304.7 | AH269: 183.5 | AI269: 147 | AJ269: =SUM(AH269:AI269) -> 330.5 | AK269: 151.8
A270: Rural | B270: 2020 | C270: July | D270: =IF(H270>120,IF(M270>120,"Yes","No"),"No") -> No | E270: 148.2 | F270: 190.3 | G270: 149.4 | H270: 153.3 | I270: 138.2 | J270: 143.2 | K270: 148.9 | L270: 150.3 | M270: 113.2 | N270: 159.8 | O270: 142.1 | P270: 161.8 | Q270: 152.3 | R270: =SUM(E270:Q270) -> 1951 | S270: 154.7 | T270: 150 | U270: 154.1 | V270: =SUM(S270:U270) -> 458.8 | W270: 139.25 | X270: 144.9 | Y270: 151.7 | Z270: =SUM(W270:Y270) -> 435.85 | AA270: 158.2 | AB270: 151.2 | AC270: =SUM(AA270:AB270) -> 309.4 | AD270: 141.4 | AE270: 153.2 | AF270: 161.8 | AG270: =SUM(AE270:AF270) -> 315 | AH270: 182.4 | AI270: 151.7 | AJ270: =SUM(AH270:AI270) -> 334.1 | AK270: 152.7
A271: Urban | B271: 2020 | C271: July | D271: =IF(H271>120,IF(M271>120,"Yes","No"),"No") -> No | E271: 152.7 | F271: 197 | G271: 154.6 | H271: 153.4 | I271: 132.9 | J271: 151.8 | K271: 171.2 | L271: 152 | M271: 116.3 | N271: 158.8 | O271: 135.6 | P271: 161.7 | Q271: 157 | R271: =SUM(E271:Q271) -> 1995 | S271: 149.1 | T271: 136.6 | U271: 147.2 | V271: =SUM(S271:U271) -> 432.9 | W271: 154.7 | X271: 137.1 | Y271: 140.4 | Z271: =SUM(W271:Y271) -> 432.2 | AA271: 148.1 | AB271: 152.2 | AC271: =SUM(AA271:AB271) -> 300.3 | AD271: 129.3 | AE271: 144.5 | AF271: 152.5 | AG271: =SUM(AE271:AF271) -> 297 | AH271: 186.7 | AI271: 142 | AJ271: =SUM(AH271:AI271) -> 328.7 | AK271: 150.8
A272: Rural+Urban | B272: 2020 | C272: July | D272: =IF(H272>120,IF(M272>120,"Yes","No"),"No") -> No | E272: 149.6 | F272: 192.7 | G272: 151.4 | H272: 153.3 | I272: 136.3 | J272: 147.2 | K272: 156.5 | L272: 150.9 | M272: 114.2 | N272: 159.5 | O272: 139.4 | P272: 161.8 | Q272: 154 | R272: =SUM(E272:Q272) -> 1966.8 | S272: 152.5 | T272: 144.4 | U272: 151.4 | V272: =SUM(S272:U272) -> 448.3 | W272: 154.7 | X272: 141.9 | Y272: 146.4 | Z272: =SUM(W272:Y272) -> 443 | AA272: 154.4 | AB272: 151.6 | AC272: =SUM(AA272:AB272) -> 306 | AD272: 135 | AE272: 148.3 | AF272: 156.4 | AG272: =SUM(AE272:AF272) -> 304.7 | AH272: 183.5 | AI272: 147 | AJ272: =SUM(AH272:AI272) -> 330.5 | AK272: 151.8
A273: Rural | B273: 2020 | C273: August | D273: =IF(H273>120,IF(M273>120,"Yes","No"),"No") -> No | E273: 147.6 | F273: 187.2 | G273: 148.4 | H273: 153.3 | I273: 139.8 | J273: 146.9 | K273: 171 | L273: 149.9 | M273: 114.2 | N273: 160 | O273: 143.5 | P273: 161.5 | Q273: 155.3 | R273: =SUM(E273:Q273) -> 1978.6 | S273: 155.1 | T273: 149.3 | U273: 154.3 | V273: =SUM(S273:U273) -> 458.7 | W273: 139.25 | X273: 145.8 | Y273: 151.9 | Z273: =SUM(W273:Y273) -> 436.95 | AA273: 158.8 | AB273: 153.6 | AC273: =SUM(AA273:AB273) -> 312.4 | AD273: 143.6 | AE273: 152.2 | AF273: 162.7 | AG273: =SUM(AE273:AF273) -> 314.9 | AH273: 180.9 | AI273: 153 | AJ273: =SUM(AH273:AI273) -> 333.9 | AK273: 154.7
A274: Urban | B274: 2020 | C274: August | D274: =IF(H274>120,IF(M274>120,"Yes","No"),"No") -> No | E274: 151.6 | F274: 197.8 | G274: 154.5 | H274: 153.4 | I274: 133.4 | J274: 154.5 | K274: 191.9 | L274: 151.3 | M274: 116.8 | N274: 160 | O274: 136.5 | P274: 163.3 | Q274: 159.9 | R274: =SUM(E274:Q274) -> 2024.9 | S274: 150 | T274: 135.2 | U274: 147.8 | V274: =SUM(S274:U274) -> 433 | W274: 155.5 | X274: 138.3 | Y274: 144.5 | Z274: =SUM(W274:Y274) -> 438.3 | AA274: 148.7 | AB274: 155.2 | AC274: =SUM(AA274:AB274) -> 303.9 | AD274: 133.9 | AE274: 141.2 | AF274: 155.5 | AG274: =SUM(AE274:AF274) -> 296.7 | AH274: 187.2 | AI274: 144.8 | AJ274: =SUM(AH274:AI274) -> 332 | AK274: 152.9
A275: Rural+Urban | B275: 2020 | C275: August | D275: =IF(H275>120,IF(M275>120,"Yes","No"),"No") -> No | E275: 148.9 | F275: 190.9 | G275: 150.8 | H275: 153.3 | I275: 137.4 | J275: 150.4 | K275: 178.1 | L275: 150.4 | M275: 115.1 | N275: 160 | O275: 140.6 | P275: 162.3 | Q275: 157 | R275: =SUM(E275:Q275) -> 1995.2 | S275: 153.1 | T275: 143.4 | U275: 151.7 | V275: =SUM(S275:U275) -> 448.2 | W275: 155.5 | X275: 143 | Y275: 148.4 | Z275: =SUM(W275:Y275) -> 446.9 | AA275: 155 | AB275: 154.3 | AC275: =SUM(AA275:AB275) -> 309.3 | AD275: 138.5 | AE275: 146 | AF275: 158.5 | AG275: =SUM(AE275:AF275) -> 304.5 | AH275: 182.6 | AI275: 149 | AJ275: =SUM(AH275:AI275) -> 331.6 | AK275: 153.9
A276: Rural | B276: 2020 | C276: September | D276: =IF(H276>120,IF(M276>120,"Yes","No"),"No") -> No | E276: 146.9 | F276: 183.9 | G276: 149.5 | H276: 153.4 | I276: 140.4 | J276: 147 | K276: 178.8 | L276: 149.3 | M276: 115.1 | N276: 160 | O276: 145.4 | P276: 161.6 | Q276: 156.1 | R276: =SUM(E276:Q276) -> 1987.4 | S276: 155.4 | T276: 149.9 | U276: 154.6 | V276: =SUM(S276:U276) -> 459.9 | W276: 139.25 | X276: 146.4 | Y276: 151.6 | Z276: =SUM(W276:Y276) -> 437.25 | AA276: 159.1 | AB276: 157.4 | AC276: =SUM(AA276:AB276) -> 316.5 | AD276: 144.6 | AE276: 152.8 | AF276: 161.1 | AG276: =SUM(AE276:AF276) -> 313.9 | AH276: 182.9 | AI276: 153.7 | AJ276: =SUM(AH276:AI276) -> 336.6 | AK276: 155.4
A277: Urban | B277: 2020 | C277: September | D277: =IF(H277>120,IF(M277>120,"Yes","No"),"No") -> No | E277: 151.5 | F277: 193.1 | G277: 157.3 | H277: 153.9 | I277: 134.4 | J277: 155.4 | K277: 202 | L277: 150.8 | M277: 118.9 | N277: 160.9 | O277: 137.7 | P277: 164.4 | Q277: 161.3 | R277: =SUM(E277:Q277) -> 2041.6 | S277: 150.2 | T277: 136.3 | U277: 148.1 | V277: =SUM(S277:U277) -> 434.6 | W277: 156.3 | X277: 137.2 | Y277: 145.4 | Z277: =SUM(W277:Y277) -> 438.9 | AA277: 150 | AB277: 159.8 | AC277: =SUM(AA277:AB277) -> 309.8 | AD277: 135.1 | AE277: 141.8 | AF277: 154.9 | AG277: =SUM(AE277:AF277) -> 296.7 | AH277: 188.7 | AI277: 146 | AJ277: =SUM(AH277:AI277) -> 334.7 | AK277: 154
A278: Rural+Urban | B278: 2020 | C278: September | D278: =IF(H278>120,IF(M278>120,"Yes","No"),"No") -> No | E278: 148.4 | F278: 187.1 | G278: 152.5 | H278: 153.6 | I278: 138.2 | J278: 150.9 | K278: 186.7 | L278: 149.8 | M278: 116.4 | N278: 160.3 | O278: 142.2 | P278: 162.9 | Q278: 158 | R278: =SUM(E278:Q278) -> 2007 | S278: 153.4 | T278: 144.3 | U278: 152 | V278: =SUM(S278:U278) -> 449.7 | W278: 156.3 | X278: 142.9 | Y278: 148.7 | Z278: =SUM(W278:Y278) -> 447.9 | AA278: 155.6 | AB278: 158.4 | AC278: =SUM(AA278:AB278) -> 314 | AD278: 139.6 | AE278: 146.6 | AF278: 157.5 | AG278: =SUM(AE278:AF278) -> 304.1 | AH278: 184.4 | AI278: 150 | AJ278: =SUM(AH278:AI278) -> 334.4 | AK278: 154.7
... A374: Rural+Urban | B374: 2023 | C374: May | D374: =IF(H374>120,IF(M374>120,"Yes","No"),"No") -> Yes | E374: 173.7 | F374: 214.3 | G374: 173.2 | H374: 179.5 | I374: 170 | J374: 172.2 | K374: 161 | L374: 175.6 | M374: 122.7 | N374: 218 | O374: 173.4 | P374: 194.2 | Q374: 179.1 | R374: =SUM(E374:Q374) -> 2306.9 | S374: 187.3 | T374: 179.7 | U374: 186.2 | V374: =SUM(S374:U374) -> 553.2 | W374: 175.6 | X374: 182.8 | Y374: 175.2 | Z374: =SUM(W374:Y374) -> 533.6 | AA374: 185.7 | AB374: 185.2 | AC374: =SUM(AA374:AB374) -> 370.9 | AD374: 164.8 | AE374: 171.2 | AF374: 177.1 | AG374: =SUM(AE374:AF374) -> 348.3 | AH374: 201 | AI374: 175.7 | AJ374: =SUM(AH374:AI374) -> 376.7 | AK374: 179.1

Sheet Q1
A1: Total Average Contribution for each Categories (2013-2023) All Sectors Combined
A2: Category | B2: Index_Value | C2: Contribution_%
A3: Food Products | B3: =AVERAGE('Main Data'!R3:R374) -> 1824.5025 | C3: =(B3/$B$10)*100 -> 50.390698
A4: Clothing & Misc | B4: =AVERAGE('Main Data'!V3:V374) -> 420.3153 | C4: =(B4/$B$10)*100 -> 11.608634
A5: Housing & Misc | B5: =AVERAGE('Main Data'!Z3:Z374) -> 412.30683 | C5: =(B5/$B$10)*100 -> 11.387449
A6: Health and personal Care | B6: =AVERAGE('Main Data'!AC3:AC374) -> 271.77322 | C6: =(B6/$B$10)*100 -> 7.5060695
A7: Transport and communication | B7: =AVERAGE('Main Data'!AD3:AD374) -> 127.17049 | C7: =(B7/$B$10)*100 -> 3.5123054
A8: Education and Entertainment | B8: =AVERAGE('Main Data'!AG3:AG374) -> 275.02295 | C8: =(B8/$B$10)*100 -> 7.5958233
A9: Miscellaneuos | B9: =AVERAGE('Main Data'!AJ3:AJ374) -> 289.62158 | C9: =(B9/$B$10)*100 -> 7.9990211
A10: Total | B10: =SUM(B3:B9) -> 3620.7128 | C10: =SUM(C3:C9) -> 100
A29: Latest Months Data Contribution ( May, 2023) All Sectors Combined
A30: Category | B30: CPI Index_Value | C30: Contribution_%
A31: Food Products | B31: =AVERAGEIFS('Main Data'!R3:R374,'Main Data'!$B$3:$B$374,"2023",'Main Data'!$C$3:$C$374,"May") -> 2310.9 | C31: =(B31/$B$38)*100 -> 49.756161
A32: Clothing & Misc | B32: =AVERAGEIFS('Main Data'!$V$3:$V$374,'Main Data'!$B$3:$B$374,"2023",'Main Data'!$C$3:$C$374,"May") -> 550.6 | C32: =(B32/$B$38)*100 -> 11.85501
A33: Housing & Misc | B33: =AVERAGEIFS('Main Data'!$Z$3:$Z$374,'Main Data'!$B$3:$B$374,"2023",'Main Data'!$C$3:$C$374,"May") -> 521.41667 | C33: =(B33/$B$38)*100 -> 11.226661
A34: Health and personal Care | B34: =AVERAGEIFS('Main Data'!$AC$3:$AC$374,'Main Data'!$B$3:$B$374,"2023",'Main Data'!$C$3:$C$374,"May") -> 370.46667 | C34: =(B34/$B$38)*100 -> 7.9765455
A35: Transport and communication | B35: =AVERAGEIFS('Main Data'!$AD$3:$AD$374,'Main Data'!$B$3:$B$374,"2023",'Main Data'!$C$3:$C$374,"May") -> 164.96667 | C35: =(B35/$B$38)*100 -> 3.5519096
A36: Education and Entertainment | B36: =AVERAGEIFS('Main Data'!$AG$3:$AG$374,'Main Data'!$B$3:$B$374,"2023",'Main Data'!$C$3:$C$374,"May") -> 348.8 | C36: =(B36/$B$38)*100 -> 7.5100389
A37: Miscellaneuos | B37: =AVERAGEIFS('Main Data'!$AJ$3:$AJ$374,'Main Data'!$B$3:$B$374,"2023",'Main Data'!$C$3:$C$374,"May") -> 377.3 | C37: =(B37/$B$38)*100 -> 8.1236745
A38: Total | B38: =SUM(B31:B37) -> 4644.45 | C38: =SUM(C31:C37) -> 100
A55: Latest Months Data Contribution ( May, 2023) Rural Sector
A56: Category | B56: Index_Value | C56: Contribution_%
A57: Food Products | B57: 2290.7 | C57: =(B57/$B$64) -> 0.49389291
A58: Clothing & Misc | B58: 569.9 | C58: =(B58/$B$64) -> 0.12287492
A59: Housing & Misc | B59: 501.55 | C59: =(B59/$B$64) -> 0.10813812
A60: Health and personal Care | B60: 372.7 | C60: =(B60/$B$64) -> 0.080357047
A61: Transport and communication | B61: 169.7 | C61: =(B61/$B$64) -> 0.036588653
A62: Education and Entertainment | B62: 354.1 | C62: =(B62/$B$64) -> 0.076346741
A63: Miscellaneuos | B63: 379.4 | C63: =(B63/$B$64) -> 0.081801619
A64: Total | B64: =SUM(B57:B63) -> 4638.05 | C64: =SUM(C57:C63) -> 1
A66: Latest Months Data Contribution ( May, 2023) Rural+Urban Sector
A67: Category | B67: Index_Value | C67: Contribution_%
A68: Food Products | B68: 2306.9 | C68: =(B68/$B$75) -> 0.49563854
A69: Clothing & Misc | B69: 553.2 | C69: =(B69/$B$75) -> 0.11885528
A70: Housing & Misc | B70: 533.6 | C70: =(B70/$B$75) -> 0.11464421
A71: Health and personal Care | B71: 370.9 | C71: =(B71/$B$75) -> 0.079688037
A72: Transport and communication | B72: 164.8 | C72: =(B72/$B$75) -> 0.035407356
A73: Education and Entertainment | B73: 348.3 | C73: =(B73/$B$75) -> 0.074832417
A74: Miscellaneuos | B74: 376.7 | C74: =(B74/$B$75) -> 0.08093417
A75: Total | B75: =SUM(B68:B74) -> 4654.4 | C75: =SUM(C68:C74) -> 1
A77: Latest Months Data Contribution ( May, 2023) Urban Sector
A78: Category | B78: Index_Value | C78: Contribution_%
A79: Food Products | B79: 2335.1 | C79: =(B79/$B$86) -> 0.50315672
A80: Clothing & Misc | B80: 528.7 | C80: =(B80/$B$86) -> 0.11392187
A81: Housing & Misc | B81: 529.1 | C81: =(B81/$B$86) -> 0.11400806
A82: Health and personal Care | B82: 367.8 | C82: =(B82/$B$86) -> 0.079251869
A83: Transport and communication | B83: 160.4 | C83: =(B83/$B$86) -> 0.034562262
A84: Education and Entertainment | B84: 344 | C84: =(B84/$B$86) -> 0.074123554
A85: Miscellaneuos | B85: 375.8 | C85: =(B85/$B$86) -> 0.080975673
A86: Total | B86: =SUM(B79:B85) -> 4640.9 | C86: =SUM(C79:C85) -> 1

Sheet Pivot Q1
A1: Year | B1: (All)
A2: Sector | B2: (All)
A4: Row Labels | B4: Average of Total (Food Products) | C4: Average of Total (Clothing & MISC) | D4: Average of Total (Housing & MISC) | E4: Average of Total (Health & Personal Care) | F4: Average of Transport and communication | G4: Average of Total Edu & Ent | H4: Average of Total (MISC)
A5: January | B5: 1805.7939 | C5: 417.5303 | D5: 409.99242 | E5: 270.55758 | F5: 126.2 | G5: 273.07273 | H5: 287.31212
A6: February | B6: 1795.6455 | C6: 419.53333 | D6: 412.20455 | E6: 272.24545 | F6: 126.77576 | G6: 273.97576 | H6: 288.69091
A7: March | B7: 1805.8344 | C7: 423.32188 | D7: 415.89531 | E7: 274.62812 | F7: 127.75937 | G7: 276.43125 | H7: 291.6875
A8: April | B8: 1802.5926 | C8: 419.69259 | D8: 410.60185 | E8: 271.13704 | F8: 127.9 | G8: 271.72222 | H8: 286.92593
A9: May | B9: 1818.0867 | C9: 423.60667 | D9: 414.29667 | E9: 273.29333 | F9: 128.23 | G9: 274.99667 | H9: 290.10667
A10: June | B10: 1806.34 | C10: 414.81667 | D10: 406.97333 | E10: 267.49667 | F10: 125.66667 | G10: 271.99667 | H10: 286.43333
A11: July | B11: 1826.11 | C11: 416.53667 | D11: 408.82333 | E11: 268.51 | F11: 126.28 | G11: 273.96667 | H11: 287.71333
A12: August | B12: 1835.5633 | C12: 418.54333 | D12: 410.77 | E12: 270.38 | F12: 126.83 | G12: 275.30333 | H12: 289.17333
A13: September | B13: 1835.09 | C13: 420.34 | D13: 412.24 | E13: 271.9 | F13: 127.48 | G13: 276.14333 | H13: 290.64667
A14: October | B14: 1851.6833 | C14: 422.13333 | D14: 414.46667 | E14: 273.17333 | F14: 127.86667 | G14: 277.08 | H14: 291.84333
A15: November | B15: 1878.5276 | C15: 427.12759 | D15: 418.33276 | E15: 276.18621 | F15: 128.35172 | G15: 280.21379 | H15: 295.36897
A16: December | B16: 1859.17 | C16: 425.97667 | D16: 417.20333 | E16: 275.25333 | F16: 128.02667 | G16: 279.01333 | H16: 294.00333
... A19: Grand Total | B19: 1824.5025 | C19: 420.3153 | D19: 412.30683 | E19: 271.77322 | F19: 127.17049 | G19: 275.02295 | H19: 289.62158
A22: Year | B22: 2023
A23: Sector | B23: Urban
A25: Row Labels | B25: Average of Total (Food Products) | C25: Average of Total (Clothing & MISC) | D25: Average of Total (Housing & MISC) | E25: Average of Total (Health & Personal Care) | F25: Average of Transport and communication | G25: Average of Total Edu & Ent | H25: Average of Total (MISC)
A26: May | B26: 2335.1 | C26: 528.7 | D26: 529.1 | E26: 367.8 | F26: 160.4 | G26: 344 | H26: 375.8
A27: Grand Total | B27: 2335.1 | C27: 528.7 | D27: 529.1 | E27: 367.8 | F27: 160.4 | G27: 344 | H27: 375.8

Sheet Q2
A1: Sector
A2: Rural + Urban
A4: Year | B4: General Index | C4: YoY Inflation (%)
A5: 2017 | B5: =AVERAGEIF('Q2 Data'!$B$2:$B$77,'Q2'!A5,'Q2 Data'!$D$2:$D$77) -> 133.5
A6: 2018 | B6: =AVERAGEIF('Q2 Data'!$B$2:$B$77,'Q2'!A6,'Q2 Data'!$D$2:$D$77) -> 138.775 | C6: =((B6-B5)/B5)*100 -> 3.9513109
A7: 2019 | B7: =AVERAGEIF('Q2 Data'!$B$2:$B$77,'Q2'!A7,'Q2 Data'!$D$2:$D$77) -> 144.18182 | C7: =((B7-B6)/B6)*100 -> 3.8961039
A8: 2020 | B8: =AVERAGEIF('Q2 Data'!$B$2:$B$77,'Q2'!A8,'Q2 Data'!$D$2:$D$77) -> 153.38 | C8: =((B8-B7)/B7)*100 -> 6.3795712
A9: 2021 | B9: =AVERAGEIF('Q2 Data'!$B$2:$B$77,'Q2'!A9,'Q2 Data'!$D$2:$D$77) -> 161.45833 | C9: =((B9-B8)/B8)*100 -> 5.2668753
A10: 2022 | B10: =AVERAGEIF('Q2 Data'!$B$2:$B$77,'Q2'!A10,'Q2 Data'!$D$2:$D$77) -> 172.15 | C10: =((B10-B9)/B9)*100 -> 6.6219355
A11: 2023 | B11: =AVERAGEIF('Q2 Data'!$B$2:$B$77,'Q2'!A11,'Q2 Data'!$D$2:$D$77) -> 177.62 | C11: =((B11-B10)/B10)*100 -> 3.1774615
A15: Rural
A16: Year | B16: General Index | C16: YoY Inflation (%)
A17: 2017 | B17: =AVERAGEIF('Q2 Data'!$G$2:$G$77,'Q2'!A17,'Q2 Data'!$I$2:$I$77) -> 135.63333
A18: 2018 | B18: =AVERAGEIF('Q2 Data'!$G$2:$G$77,'Q2'!A18,'Q2 Data'!$I$2:$I$77) -> 140.73333 | C18: =((B18-B17)/B17)*100 -> 3.7601376
A19: 2019 | B19: =AVERAGEIF('Q2 Data'!$G$2:$G$77,'Q2'!A19,'Q2 Data'!$I$2:$I$77) -> 145.18182 | C19: =((B19-B18)/B18)*100 -> 3.1609319
A20: 2020 | B20: =AVERAGEIF('Q2 Data'!$G$2:$G$77,'Q2'!A20,'Q2 Data'!$I$2:$I$77) -> 154.56 | C20: =((B20-B19)/B19)*100 -> 6.4596118
A21: 2021 | B21: =AVERAGEIF('Q2 Data'!$G$2:$G$77,'Q2'!A21,'Q2 Data'!$I$2:$I$77) -> 162.03333 | C21: =((B21-B20)/B20)*100 -> 4.8352312
A22: 2022 | B22: =AVERAGEIF('Q2 Data'!$G$2:$G$77,'Q2'!A22,'Q2 Data'!$I$2:$I$77) -> 173.125 | C22: =((B22-B21)/B21)*100 -> 6.8452993
A23: 2023 | B23: =AVERAGEIF('Q2 Data'!$G$2:$G$77,'Q2'!A23,'Q2 Data'!$I$2:$I$77) -> 178.48 | C23: =((B23-B22)/B22)*100 -> 3.0931408
A30: Urban
A31: Year | B31: General Index | C31: YoY Inflation (%)
A32: 2017 | B32: =AVERAGEIF('Q2 Data'!$L$2:$L$77,'Q2'!A32,'Q2 Data'!$N$2:$N$77) -> 131.025
A33: 2018 | B33: =AVERAGEIF('Q2 Data'!$L$2:$L$77,'Q2'!A33,'Q2 Data'!$N$2:$N$77) -> 136.5 | C33: =((B33-B32)/B32)*100 -> 4.1785919
A34: 2019 | B34: =AVERAGEIF('Q2 Data'!$L$2:$L$77,'Q2'!A34,'Q2 Data'!$N$2:$N$77) -> 143.01818 | C34: =((B34-B33)/B33)*100 -> 4.7752248
A35: 2020 | B35: =AVERAGEIF('Q2 Data'!$L$2:$L$77,'Q2'!A35,'Q2 Data'!$N$2:$N$77) -> 152.05 | C35: =((B35-B34)/B34)*100 -> 6.3151538
A36: 2021 | B36: =AVERAGEIF('Q2 Data'!$L$2:$L$77,'Q2'!A36,'Q2 Data'!$N$2:$N$77) -> 160.75833 | C36: =((B36-B35)/B35)*100 -> 5.7272827
A37: 2022 | B37: =AVERAGEIF('Q2 Data'!$L$2:$L$77,'Q2'!A37,'Q2 Data'!$N$2:$N$77) -> 170.95 | C37: =((B37-B36)/B36)*100 -> 6.3397439
A38: 2023 | B38: =AVERAGEIF('Q2 Data'!$L$2:$L$77,'Q2'!A38,'Q2 Data'!$N$2:$N$77) -> 176.62 | C38: =((B38-B37)/B37)*100 -> 3.3167593
C40: =AVERAGE(C33:C38) -> 5.1087927

Sheet Q2 Data
A1: Sector | B1: Year | C1: Month | D1: General index | F1: Sector | G1: Year | H1: Month | I1: General index | K1: Sector | L1: Year | M1: Month | N1: General index
A2: Rural+Urban | B2: 2017 | C2: January | D2: 130.3 | F2: Rural | G2: 2017 | H2: January | I2: 132.4 | K2: Urban | L2: 2017 | M2: January | N2: 127.8
A3: Rural+Urban | B3: 2017 | C3: February | D3: 130.6 | F3: Rural | G3: 2017 | H3: February | I3: 132.6 | K3: Urban | L3: 2017 | M3: February | N3: 128.2
A4: Rural+Urban | B4: 2017 | C4: March | D4: 130.9 | F4: Rural | G4: 2017 | H4: March | I4: 132.8 | K4: Urban | L4: 2017 | M4: March | N4: 128.7
A5: Rural+Urban | B5: 2017 | C5: April | D5: 131.1 | F5: Rural | G5: 2017 | H5: April | I5: 132.9 | K5: Urban | L5: 2017 | M5: April | N5: 129.1
A6: Rural+Urban | B6: 2017 | C6: May | D6: 131.4 | F6: Rural | G6: 2017 | H6: May | I6: 133.3 | K6: Urban | L6: 2017 | M6: May | N6: 129.3
A7: Rural+Urban | B7: 2017 | C7: June | D7: 132 | F7: Rural | G7: 2017 | H7: June | I7: 133.9 | K7: Urban | L7: 2017 | M7: June | N7: 129.9
A8: Rural+Urban | B8: 2017 | C8: July | D8: 134.2 | F8: Rural | G8: 2017 | H8: July | I8: 136.2 | K8: Urban | L8: 2017 | M8: July | N8: 131.8
A9: Rural+Urban | B9: 2017 | C9: August | D9: 135.4 | F9: Rural | G9: 2017 | H9: August | I9: 137.8 | K9: Urban | L9: 2017 | M9: August | N9: 132.7
A10: Rural+Urban | B10: 2017 | C10: September | D10: 135.2 | F10: Rural | G10: 2017 | H10: September | I10: 137.6 | K10: Urban | L10: 2017 | M10: September | N10: 132.4
A11: Rural+Urban | B11: 2017 | C11: October | D11: 136.1 | F11: Rural | G11: 2017 | H11: October | I11: 138.3 | K11: Urban | L11: 2017 | M11: October | N11: 133.5
A12: Rural+Urban | B12: 2017 | C12: November | D12: 137.6 | F12: Rural | G12: 2017 | H12: November | I12: 140 | K12: Urban | L12: 2017 | M12: November | N12: 134.8
A13: Rural+Urban | B13: 2017 | C13: December | D13: 137.2 | F13: Rural | G13: 2017 | H13: December | I13: 139.8 | K13: Urban | L13: 2017 | M13: December | N13: 134.1
... A39: Rural+Urban | B39: 2020 | C39: March | D39: 148.6 | F39: Rural | G39: 2020 | H39: March | I39: 149.8 | K39: Urban | L39: 2020 | M39: March | N39: 147.3
A40: Rural+Urban | B40: 2020 | C40: April | D40: NA | F40: Rural | G40: 2020 | H40: April | I40: NA | K40: Urban | L40: 2020 | M40: April | N40: NA
A41: Rural+Urban | B41: 2020 | C41: May | D41: NA | F41: Rural | G41: 2020 | H41: May | I41: NA | K41: Urban | L41: 2020 | M41: May | N41: NA
A42: Rural+Urban | B42: 2020 | C42: June | D42: 151.8 | F42: Rural | G42: 2020 | H42: June | I42: 152.7 | K42: Urban | L42: 2020 | M42: June | N42: 150.8
A43: Rural+Urban | B43: 2020 | C43: July | D43: 151.8 | F43: Rural | G43: 2020 | H43: July | I43: 152.7 | K43: Urban | L43: 2020 | M43: July | N43: 150.8
A44: Rural+Urban | B44: 2020 | C44: August | D44: 153.9 | F44: Rural | G44: 2020 | H44: August | I44: 154.7 | K44: Urban | L44: 2020 | M44: August | N44: 152.9
A45: Rural+Urban | B45: 2020 | C45: September | D45: 154.7 | F45: Rural | G45: 2020 | H45: September | I45: 155.4 | K45: Urban | L45: 2020 | M45: September | N45: 154
A46: Rural+Urban | B46: 2020 | C46: October | D46: 156.4 | F46: Rural | G46: 2020 | H46: October | I46: 157.5 | K46: Urban | L46: 2020 | M46: October | N46: 155.2
A47: Rural+Urban | B47: 2020 | C47: November | D47: 158.4 | F47: Rural | G47: 2020 | H47: November | I47: 159.8 | K47: Urban | L47: 2020 | M47: November | N47: 156.7
A48: Rural+Urban | B48: 2020 | C48: December | D48: 158.9 | F48: Rural | G48: 2020 | H48: December | I48: 160.7 | K48: Urban | L48: 2020 | M48: December | N48: 156.9
A49: Rural+Urban | B49: 2021 | C49: January | D49: 157.3 | F49: Rural | G49: 2021 | H49: January | I49: 158.5 | K49: Urban | L49: 2021 | M49: January | N49: 156
A50: Rural+Urban | B50: 2021 | C50: February | D50: 156.6 | F50: Rural | G50: 2021 | H50: February | I50: 156.7 | K50: Urban | L50: 2021 | M50: February | N50: 156.5
A51: Rural+Urban | B51: 2021 | C51: March | D51: 156.8 | F51: Rural | G51: 2021 | H51: March | I51: 156.7 | K51: Urban | L51: 2021 | M51: March | N51: 156.9
A52: Rural+Urban | B52: 2021 | C52: April | D52: 157.8 | F52: Rural | G52: 2021 | H52: April | I52: 157.6 | K52: Urban | L52: 2021 | M52: April | N52: 158
A53: Rural+Urban | B53: 2021 | C53: May | D53: 160.4 | F53: Rural | G53: 2021 | H53: May | I53: 161.1 | K53: Urban | L53: 2021 | M53: May | N53: 159.5
... A77: Rural+Urban | B77: 2023 | C77: May | D77: 179.1 | F77: Rural | G77: 2023 | H77: May | I77: 179.8 | K77: Urban | L77: 2023 | M77: May | N77: 178.2

Sheet Q4 Summary
A1: Period definitions used
A3: Pre: 2019-03-01 → 2020-02-01
A5: Post: 2020-04-01 → 2021-03-01
A7: Summary table (averages)
A8: Rural + Urban
A9: Category | B9: Pre YoY mean (%) | C9: Post YoY mean (%) | D9: Δ YoY (Post−Pre) (pp) | E9: Pre MoM mean (%) | F9: Post MoM mean (%) | G9: Δ MoM (pp)
A10: Food Index (unweighted avg of food items) | B10: 5.6993896 | C10: 8.7057269 | D10: =C10-B10 -> 3.0063372 | E10: 0.88446947 | F10: 0.53934237 | G10: =F10-E10 -> -0.34512711
A11: Health | B11: 7.2056466 | C11: 4.8751774 | D11: =C11-B11 -> -2.3304692 | E11: 0.37383013 | F11: 0.35857623 | G11: =F11-E11 -> -0.015253896
A12: Transport and communication | B12: 2.5188855 | C12: 9.9562101 | D12: =C12-B12 -> 7.4373246 | E12: 0.46170003 | F12: 0.8934069 | G12: =F12-E12 -> 0.43170687
A13: Household goods & services | B13: 4.3492265 | C13: 2.3991885 | D13: =C13-B13 -> -1.950038 | E13: 0.27640526 | F13: 0.35915648 | G13: =F13-E13 -> 0.082751226
A29: Rural
A30: Category | B30: Pre YoY mean (%) | C30: Post YoY mean (%) | D30: Δ YoY (Post−Pre) (pp) | E30: Pre MoM mean (%) | F30: Post MoM mean (%) | G30: Δ MoM (pp)
A31: Food Index (unweighted avg of food items) | B31: 4.1578612 | C31: 8.3497725 | D31: =C31-B31 -> 4.1919113 | E31: 0.86864411 | F31: 0.52230638 | G31: =F31-E31 -> -0.34633774
A32: Health | B32: 8.2508309 | C32: 4.1131615 | D32: =C32-B32 -> -4.1376694 | E32: 0.37503376 | F32: 0.24476176 | G32: =F32-E32 -> -0.130272
A33: Transport and communication | B33: 3.3878176 | C33: 9.5815983 | D33: =C33-B33 -> 6.1937807 | E33: 0.46939209 | F33: 0.75685713 | G33: =F33-E33 -> 0.28746505
A34: Household goods & services | B34: 2.0931676 | C34: -0.0081727509 | D34: =C34-B34 -> -2.1013403 | E34: 0.05330966 | F34: 0.10986242 | G34: =F34-E34 -> 0.056552757
A50: Urban
A51: Category | B51: Pre YoY mean (%) | C51: Post YoY mean (%) | D51: Δ YoY (Post−Pre) (pp) | E51: Pre MoM mean (%) | F51: Post MoM mean (%) | G51: Δ MoM (pp)
A52: Food Index (unweighted avg of food items) | B52: 8.4972233 | C52: 9.3240918 | D52: =C52-B52 -> 0.82686846 | E52: 0.91718734 | F52: 0.57144883 | G52: =F52-E52 -> -0.34573851
A53: Health | B53: 5.5181575 | C53: 6.2209103 | D53: =C53-B53 -> 0.70275277 | E53: 0.3799945 | F53: 0.56588159 | G53: =F53-E53 -> 0.18588708
A54: Transport and communication | B54: 1.516751 | C54: 10.290633 | D54: =C54-B54 -> 8.7738819 | E54: 0.45127334 | F54: 1.0296677 | G54: =F54-E54 -> 0.57839437
A55: Household goods & services | B55: 4.1949812 | C55: 3.3571279 | D55: =C55-B55 -> -0.8378533 | E55: 0.31721374 | F55: 0.40374129 | G55: =F55-E55 -> 0.08652755

Sheet Q3
A1: Rural+Urban
A2: Sector | B2: Year | C2: Date | D2: Month | E2: Cereals and products | F2: Meat and fish | G2: Egg | H2: Milk and products | I2: Oils and fats | J2: Fruits | K2: Vegetables | L2: Pulses and products | M2: Sugar and Confectionery | N2: Spices | O2: Non-alcoholic beverages | P2: Prepared meals, snacks, sweets etc. | Q2: Food and beverages | R2: Food Index | S2: MoM Inflation (%)
A3: Rural+Urban | B3: 2022 | C3: =DATE(B3,MONTH(1&D3),1) -> 44713 | D3: June | E3: 155 | F3: 219.4 | G3: 170.8 | H3: 165.8 | I3: 200.9 | J3: 169.7 | K3: 182.3 | L3: 164.3 | M3: 119.9 | N3: 187.1 | O3: 167.9 | P3: 183.9 | Q3: 174.9 | R3: 173.99231
A4: Rural+Urban | B4: 2022 | C4: =DATE(B4,MONTH(1&D4),1) -> 44743 | D4: July | E4: 156.5 | F4: 213 | G4: 175.2 | H4: 166.6 | I4: 195.8 | J4: 174.2 | K4: 182.1 | L4: 164.3 | M4: 120 | N4: 190 | O4: 168.4 | P4: 185.2 | Q4: 175 | R4: 174.33077 | S4: =IF(R3=0,"",((R4-R3)/R3)*100) -> 0.19452673
A5: Rural+Urban | B5: 2022 | C5: =DATE(B5,MONTH(1&D5),1) -> 44774 | D5: August | E5: 160.3 | F5: 206.5 | G5: 169.2 | H5: 168.1 | I5: 192.4 | J5: 172.9 | K5: 186.7 | L5: 167.2 | M5: 120.9 | N5: 193.6 | O5: 168.8 | P5: 186.3 | Q5: 176.3 | R5: 174.55385 | S5: =IF(R4=0,"",((R5-R4)/R4)*100) -> 0.12796188
A6: Rural+Urban | B6: 2022 | C6: =DATE(B6,MONTH(1&D6),1) -> 44805 | D6: September | E6: 163.5 | F6: 209.2 | G6: 169.7 | H6: 169.7 | I6: 188.7 | J6: 165.7 | K6: 191.8 | L6: 169.1 | M6: 121.6 | N6: 197.3 | O6: 169.4 | P6: 187.4 | Q6: 177.8 | R6: 175.45385 | S6: =IF(R5=0,"",((R6-R5)/R5)*100) -> 0.51560021
A7: Rural+Urban | B7: 2022 | C7: =DATE(B7,MONTH(1&D7),1) -> 44835 | D7: October | E7: 165.2 | F7: 210.9 | G7: 170.9 | H7: 170.9 | I7: 186.5 | J7: 163.8 | K7: 199.7 | L7: 169.8 | M7: 121.9 | N7: 199.9 | O7: 169.9 | P7: 188.3 | Q7: 179.6 | R7: 176.71538 | S7: =IF(R6=0,"",((R7-R6)/R6)*100) -> 0.71901442
A8: Rural+Urban | B8: 2022 | C8: =DATE(B8,MONTH(1&D8),1) -> 44866 | D8: November | E8: 167.4 | F8: 209.4 | G8: 181.4 | H8: 172.3 | I8: 188.9 | J8: 160.7 | K8: 183.1 | L8: 170.5 | M8: 122.1 | N8: 202.8 | O8: 170.4 | P8: 189.5 | Q8: 178.3 | R8: 176.67692 | S8: =IF(R7=0,"",((R8-R7)/R7)*100) -> -0.02176468
A9: Rural+Urban | B9: 2022 | C9: =DATE(B9,MONTH(1&D9),1) -> 44896 | D9: December | E9: 169.2 | F9: 209 | G9: 190.2 | H9: 173.6 | I9: 188.5 | J9: 158 | K9: 159.9 | L9: 170.8 | M9: 121.8 | N9: 205.2 | O9: 171 | P9: 190.3 | Q9: 175.9 | R9: 175.64615 | S9: =IF(R8=0,"",((R9-R8)/R8)*100) -> -0.58342041
A10: Rural+Urban | B10: 2023 | C10: =DATE(B10,MONTH(1&D10),1) -> 44927 | D10: January | E10: 173.8 | F10: 210.7 | G10: 194.5 | H10: 174.6 | I10: 187.2 | J10: 158.3 | K10: 153.9 | L10: 170.9 | M10: 121.1 | N10: 208.4 | O10: 171.4 | P10: 191.2 | Q10: 176.7 | R10: 176.36154 | S10: =IF(R9=0,"",((R10-R9)/R9)*100) -> 0.40728738
A11: Rural+Urban | B11: 2023 | C11: =DATE(B11,MONTH(1&D11),1) -> 44958 | D11: February | E11: 174.4 | F11: 207.7 | G11: 175.2 | H11: 177.3 | I11: 179.3 | J11: 169.5 | K11: 152.7 | L11: 171 | M11: 120 | N11: 209.7 | O11: 172.3 | P11: 193 | Q11: 177 | R11: 175.31538 | S11: =IF(R10=0,"",((R11-R10)/R10)*100) -> -0.59318707
A12: Rural+Urban | B12: 2023 | C12: =DATE(B12,MONTH(1&D12),1) -> 44986 | D12: March | E12: 174.4 | F12: 207.7 | G12: 175.2 | H12: 177.3 | I12: 179.2 | J12: 169.5 | K12: 152.8 | L12: 171.1 | M12: 120 | N12: 209.7 | O12: 172.3 | P12: 193 | Q12: 177 | R12: 175.32308 | S12: =IF(R11=0,"",((R12-R11)/R11)*100) -> 0.0043876969
A13: Rural+Urban | B13: 2023 | C13: =DATE(B13,MONTH(1&D13),1) -> 45017 | D13: April | E13: 173.8 | F13: 209.3 | G13: 169.6 | H13: 178.4 | I13: 174.9 | J13: 176.3 | K13: 155.4 | L13: 173.4 | M13: 121.3 | N13: 212.9 | O13: 172.9 | P13: 193.5 | Q13: 177.9 | R13: 176.12308 | S13: =IF(R12=0,"",((R13-R12)/R12)*100) -> 0.45630046
A14: Rural+Urban | B14: 2023 | C14: =DATE(B14,MONTH(1&D14),1) -> 45047 | D14: May | E14: 173.7 | F14: 214.3 | G14: 173.2 | H14: 179.5 | I14: 170 | J14: 172.2 | K14: 161 | L14: 175.6 | M14: 122.7 | N14: 218 | O14: 173.4 | P14: 194.2 | Q14: 179.1 | R14: 177.45385 | S14: =IF(R13=0,"",((R14-R13)/R13)*100) -> 0.7555905
A16: Food subcategory changes | B16: Start (Jun 2022) | C16: End (May 2023) | D16: Absolute Change | E16: Percentage Change (%) | R16: Max MoM | S16: =MAX(S4:S14) -> 0.7555905
A17: Spices | B17: 187.1 | C17: 218 | D17: =C17-B17 -> 30.9 | E17: =D17/B17 -> 0.16515232 | R17: Month for Max | S17: =INDEX(C3:C14,MATCH(S16,S3:S14,0)) -> 45047
A18: Cereals and products | B18: 155 | C18: 173.7 | D18: =C18-B18 -> 18.7 | E18: =D18/B18 -> 0.12064516
A19: Milk and products | B19: 165.8 | C19: 179.5 | D19: =C19-B19 -> 13.7 | E19: =D19/B19 -> 0.082629674 | S19: Min MoM | T19: =MIN(S4:S14) -> -0.59318707
A20: Pulses and products | B20: 164.3 | C20: 175.6 | D20: =C20-B20 -> 11.3 | E20: =D20/B20 -> 0.068776628 | S20: Month for Min | T20: =INDEX(C3:C14,MATCH(T19,S3:S14,0)) -> 44958
A21: Prepared meals, snacks, sweets etc. | B21: 183.9 | C21: 194.2 | D21: =C21-B21 -> 10.3 | E21: =D21/B21 -> 0.0560087
A22: Non-alcoholic beverages | B22: 167.9 | C22: 173.4 | D22: =C22-B22 -> 5.5 | E22: =D22/B22 -> 0.032757594
A23: Food and beverages | B23: 174.9 | C23: 179.1 | D23: =C23-B23 -> 4.2 | E23: =D23/B23 -> 0.024013722
A24: Sugar and Confectionery | B24: 119.9 | C24: 122.7 | D24: =C24-B24 -> 2.8 | E24: =D24/B24 -> 0.023352794
A25: Fruits | B25: 169.7 | C25: 172.2 | D25: =C25-B25 -> 2.5 | E25: =D25/B25 -> 0.01473188
A26: Egg | B26: 170.8 | C26: 173.2 | D26: =C26-B26 -> 2.4 | E26: =D26/B26 -> 0.014051522
A27: Meat and fish | B27: 219.4 | C27: 214.3 | D27: =C27-B27 -> -5.1 | E27: =D27/B27 -> -0.023245214
A28: Vegetables | B28: 182.3 | C28: 161 | D28: =C28-B28 -> -21.3 | E28: =D28/B28 -> -0.11684037
A29: Oils and fats | B29: 200.9 | C29: 170 | D29: =C29-B29 -> -30.9 | E29: =D29/B29 -> -0.15380786
A30: Total | B30: =AVERAGE(B17:B29) -> 173.99231 | C30: =AVERAGE(C17:C29) -> 177.45385 | D30: =C30-B30 -> 3.4615385 | E30: =D30/B30 -> 0.019894779
A32: Biggest Individual Category Contributor | B32: =INDEX(A17:A29,MATCH(MAX(D17:D29),D17:D29,0)) -> Spices
A37: Rural
A38: Sector | B38: Year | D38: Month | E38: Cereals and products | F38: Meat and fish | G38: Egg | H38: Milk and products | I38: Oils and fats | J38: Fruits | K38: Vegetables | L38: Pulses and products | M38: Sugar and Confectionery | N38: Spices | O38: Non-alcoholic beverages | P38: Prepared meals, snacks, sweets etc. | Q38: Food and beverages | R38: Food Index | S38: MoM Inflation (%)
A39: Rural | B39: 2022 | C39: =DATE(B39,MONTH(1&D39),1) -> 44713 | D39: June | E39: 153.8 | F39: 217.2 | G39: 169.6 | H39: 165.4 | I39: 208.1 | J39: 165.8 | K39: 167.3 | L39: 164.6 | M39: 119.1 | N39: 188.9 | O39: 174.2 | P39: 181.9 | Q39: 172.4 | R39: 172.94615
A40: Rural | B40: 2022 | C40: =DATE(B40,MONTH(1&D40),1) -> 44743 | D40: July | E40: 155.2 | F40: 210.8 | G40: 174.3 | H40: 166.3 | I40: 202.2 | J40: 169.6 | K40: 168.6 | L40: 164.4 | M40: 119.2 | N40: 191.8 | O40: 174.5 | P40: 183.1 | Q40: 172.5 | R40: 173.26923 | S40: =IF(R39=0,"",((R40-R39)/R39)*100) -> 0.18680781
A41: Rural | B41: 2022 | C41: =DATE(B41,MONTH(1&D41),1) -> 44774 | D41: August | E41: 159.5 | F41: 204.1 | G41: 168.3 | H41: 167.9 | I41: 198.1 | J41: 169.2 | K41: 173.1 | L41: 167.1 | M41: 120.2 | N41: 195.6 | O41: 174.8 | P41: 184 | Q41: 173.9 | R41: 173.52308 | S41: =IF(R40=0,"",((R41-R40)/R40)*100) -> 0.14650388
A42: Rural | B42: 2022 | C42: =DATE(B42,MONTH(1&D42),1) -> 44805 | D42: September | E42: 162.9 | F42: 206.7 | G42: 169 | H42: 169.5 | I42: 194.1 | J42: 164.1 | K42: 176.9 | L42: 169 | M42: 120.8 | N42: 199.1 | O42: 175.4 | P42: 184.8 | Q42: 175.5 | R42: 174.44615 | S42: =IF(R41=0,"",((R42-R41)/R41)*100) -> 0.53196205
A43: Rural | B43: 2022 | C43: =DATE(B43,MONTH(1&D43),1) -> 44835 | D43: October | E43: 164.7 | F43: 208.8 | G43: 170.3 | H43: 170.9 | I43: 191.6 | J43: 162.2 | K43: 184.8 | L43: 169.7 | M43: 121.1 | N43: 201.6 | O43: 175.8 | P43: 185.6 | Q43: 177.4 | R43: 175.73077 | S43: =IF(R42=0,"",((R43-R42)/R42)*100) -> 0.73639651
A44: Rural | B44: 2022 | C44: =DATE(B44,MONTH(1&D44),1) -> 44866 | D44: November | E44: 166.9 | F44: 207.2 | G44: 180.2 | H44: 172.3 | I44: 194 | J44: 159.1 | K44: 171.6 | L44: 170.2 | M44: 121.5 | N44: 204.8 | O44: 176.4 | P44: 186.9 | Q44: 176.6 | R44: 175.97692 | S44: =IF(R43=0,"",((R44-R43)/R43)*100) -> 0.14007441
A45: Rural | B45: 2022 | C45: =DATE(B45,MONTH(1&D45),1) -> 44896 | D45: December | E45: 168.8 | F45: 206.9 | G45: 189.1 | H45: 173.4 | I45: 193.9 | J45: 156.7 | K45: 150.2 | L45: 170.5 | M45: 121.2 | N45: 207.5 | O45: 176.8 | P45: 187.7 | Q45: 174.4 | R45: 175.16154 | S45: =IF(R44=0,"",((R45-R44)/R44)*100) -> -0.46334747
A46: Rural | B46: 2023 | C46: =DATE(B46,MONTH(1&D46),1) -> 44927 | D46: January | E46: 174 | F46: 208.3 | G46: 192.9 | H46: 174.3 | I46: 192.6 | J46: 156.3 | K46: 142.9 | L46: 170.7 | M46: 120.3 | N46: 210.5 | O46: 176.9 | P46: 188.5 | Q46: 175 | R46: 175.63077 | S46: =IF(R45=0,"",((R46-R45)/R45)*100) -> 0.26788459
A47: Rural | B47: 2023 | C47: =DATE(B47,MONTH(1&D47),1) -> 44958 | D47: February | E47: 174.2 | F47: 205.2 | G47: 173.9 | H47: 177 | I47: 183.4 | J47: 167.2 | K47: 140.9 | L47: 170.4 | M47: 119.1 | N47: 212.1 | O47: 177.6 | P47: 189.9 | Q47: 174.8 | R47: 174.28462 | S47: =IF(R46=0,"",((R47-R46)/R46)*100) -> -0.76646811
A48: Rural | B48: 2023 | C48: =DATE(B48,MONTH(1&D48),1) -> 44986 | D48: March | E48: 174.3 | F48: 205.2 | G48: 173.9 | H48: 177 | I48: 183.3 | J48: 167.2 | K48: 140.9 | L48: 170.5 | M48: 119.1 | N48: 212.1 | O48: 177.6 | P48: 189.9 | Q48: 174.8 | R48: 174.29231 | S48: =IF(R47=0,"",((R48-R47)/R47)*100) -> 0.004413647
A49: Rural | B49: 2023 | C49: =DATE(B49,MONTH(1&D49),1) -> 45017 | D49: April | E49: 173.3 | F49: 206.9 | G49: 167.9 | H49: 178.2 | I49: 178.5 | J49: 173.7 | K49: 142.8 | L49: 172.8 | M49: 120.4 | N49: 215.5 | O49: 178.2 | P49: 190.5 | Q49: 175.5 | R49: 174.93846 | S49: =IF(R48=0,"",((R49-R48)/R48)*100) -> 0.37072998
A50: Rural | B50: 2023 | C50: =DATE(B50,MONTH(1&D50),1) -> 45047 | D50: May | E50: 173.2 | F50: 211.5 | G50: 171 | H50: 179.6 | I50: 173.3 | J50: 169 | K50: 148.7 | L50: 174.9 | M50: 121.9 | N50: 221 | O50: 178.7 | P50: 191.1 | Q50: 176.8 | R50: 176.20769 | S50: =IF(R49=0,"",((R50-R49)/R49)*100) -> 0.72552986
A52: Food subcategory changes | B52: Start (Jun 2022) | C52: End (May 2023) | D52: Absolute Change | E52: Percentage Change (%) | S52: Max MoM | T52: =MAX(S39:S50) -> 0.73639651
A53: Spices | B53: 188.9 | C53: 221 | D53: =C53-B53 -> 32.1 | E53: =D53/B53 -> 0.16993118 | S53: Month for Max | T53: =INDEX(C39:C50,MATCH((T52),S39:S50,0)) -> 44835
A54: Cereals and products | B54: 153.8 | C54: 173.2 | D54: =C54-B54 -> 19.4 | E54: =D54/B54 -> 0.12613784
A55: Milk and products | B55: 165.4 | C55: 179.6 | D55: =C55-B55 -> 14.2 | E55: =D55/B55 -> 0.085852479 | S55: Min MoM | T55: =MIN(S39:S50) -> -0.76646811
A56: Pulses and products | B56: 164.6 | C56: 174.9 | D56: =C56-B56 -> 10.3 | E56: =D56/B56 -> 0.062575942 | S56: Month for Min | T56: =INDEX(C39:C50,MATCH(T55,S39:S50,0)) -> 44958
A57: Prepared meals, snacks, sweets etc. | B57: 181.9 | C57: 191.1 | D57: =C57-B57 -> 9.2 | E57: =D57/B57 -> 0.05057724
A58: Non-alcoholic beverages | B58: 174.2 | C58: 178.7 | D58: =C58-B58 -> 4.5 | E58: =D58/B58 -> 0.025832377
A59: Food and beverages | B59: 172.4 | C59: 176.8 | D59: =C59-B59 -> 4.4 | E59: =D59/B59 -> 0.025522042
A60: Sugar and Confectionery | B60: 119.1 | C60: 121.9 | D60: =C60-B60 -> 2.8 | E60: =D60/B60 -> 0.023509656
A61: Fruits | B61: 165.8 | C61: 169 | D61: =C61-B61 -> 3.2 | E61: =D61/B61 -> 0.019300362
A62: Egg | B62: 169.6 | C62: 171 | D62: =C62-B62 -> 1.4 | E62: =D62/B62 -> 0.008254717
A63: Meat and fish | B63: 217.2 | C63: 211.5 | D63: =C63-B63 -> -5.7 | E63: =D63/B63 -> -0.026243094
A64: Vegetables | B64: 167.3 | C64: 148.7 | D64: =C64-B64 -> -18.6 | E64: =D64/B64 -> -0.11117753
A65: Oils and fats | B65: 208.1 | C65: 173.3 | D65: =C65-B65 -> -34.8 | E65: =D65/B65 -> -0.16722729
A66: Toatl | B66: =AVERAGE(B53:B65) -> 172.94615 | C66: =AVERAGE(C53:C65) -> 176.20769 | D66: =C66-B66 -> 3.2615385 | E66: =D66/B66 -> 0.018858693
A67: Biggest Individual Category Contributor | B67: =INDEX(A53:A65,MATCH(MAX(E53:E65),E53:E65,0)) -> Spices
A71: Urban
A72: Sector | B72: Year | D72: Month | E72: Cereals and products | F72: Meat and fish | G72: Egg | H72: Milk and products | I72: Oils and fats | J72: Fruits | K72: Vegetables | L72: Pulses and products | M72: Sugar and Confectionery | N72: Spices | O72: Non-alcoholic beverages | P72: Prepared meals, snacks, sweets etc. | Q72: Food and beverages | R72: Food Index | S72: MoM Inflation (%)
A73: Urban | B73: 2022 | C73: =DATE(B73,MONTH(1&D73),1) -> 44713 | D73: June | E73: 157.5 | F73: 223.4 | G73: 172.8 | H73: 166.4 | I73: 188.6 | J73: 174.1 | K73: 211.5 | L73: 163.6 | M73: 121.4 | N73: 183.5 | O73: 159.1 | P73: 186.3 | Q73: 179.3 | R73: 175.96154
A74: Urban | B74: 2022 | C74: =DATE(B74,MONTH(1&D74),1) -> 44743 | D74: July | E74: 159.3 | F74: 217.1 | G74: 176.6 | H74: 167.1 | I74: 184.8 | J74: 179.5 | K74: 208.5 | L74: 164 | M74: 121.5 | N74: 186.3 | O74: 159.8 | P74: 187.7 | Q74: 179.4 | R74: 176.27692 | S74: =IF(R73=0,"",((R74-R73)/R73)*100) -> 0.17923497
A75: Urban | B75: 2022 | C75: =DATE(B75,MONTH(1&D75),1) -> 44774 | D75: August | E75: 162.1 | F75: 210.9 | G75: 170.6 | H75: 168.4 | I75: 182.5 | J75: 177.1 | K75: 213.1 | L75: 167.3 | M75: 122.2 | N75: 189.7 | O75: 160.5 | P75: 188.9 | Q75: 180.4 | R75: 176.43846 | S75: =IF(R74=0,"",((R75-R74)/R74)*100) -> 0.091639029
A76: Urban | B76: 2022 | C76: =DATE(B76,MONTH(1&D76),1) -> 44805 | D76: September | E76: 164.9 | F76: 213.7 | G76: 170.9 | H76: 170.1 | I76: 179.3 | J76: 167.5 | K76: 220.8 | L76: 169.2 | M76: 123.1 | N76: 193.6 | O76: 161.1 | P76: 190.4 | Q76: 181.8 | R76: 177.41538 | S76: =IF(R75=0,"",((R76-R75)/R75)*100) -> 0.55369054
A77: Urban | B77: 2022 | C77: =DATE(B77,MONTH(1&D77),1) -> 44835 | D77: October | E77: 166.4 | F77: 214.9 | G77: 171.9 | H77: 171 | I77: 177.7 | J77: 165.7 | K77: 228.6 | L77: 169.9 | M77: 123.4 | N77: 196.4 | O77: 161.6 | P77: 191.5 | Q77: 183.3 | R77: 178.63846 | S77: =IF(R76=0,"",((R77-R76)/R76)*100) -> 0.68938606
A78: Urban | B78: 2022 | C78: =DATE(B78,MONTH(1&D78),1) -> 44866 | D78: November | E78: 168.4 | F78: 213.4 | G78: 183.2 | H78: 172.3 | I78: 180 | J78: 162.6 | K78: 205.5 | L78: 171 | M78: 123.4 | N78: 198.8 | O78: 162.1 | P78: 192.4 | Q78: 181.3 | R78: 178.03077 | S78: =IF(R77=0,"",((R78-R77)/R77)*100) -> -0.34017999
A79: Urban | B79: 2022 | C79: =DATE(B79,MONTH(1&D79),1) -> 44896 | D79: December | E79: 170.2 | F79: 212.9 | G79: 191.9 | H79: 173.9 | I79: 179.1 | J79: 159.5 | K79: 178.7 | L79: 171.3 | M79: 123.1 | N79: 200.5 | O79: 162.8 | P79: 193.3 | Q79: 178.6 | R79: 176.6 | S79: =IF(R78=0,"",((R79-R78)/R78)*100) -> -0.80366402
A80: Urban | B80: 2023 | C80: =DATE(B80,MONTH(1&D80),1) -> 44927 | D80: January | E80: 173.3 | F80: 215.2 | G80: 197 | H80: 175.2 | I80: 178 | J80: 160.5 | K80: 175.3 | L80: 171.2 | M80: 122.7 | N80: 204.3 | O80: 163.7 | P80: 194.3 | Q80: 179.5 | R80: 177.70769 | S80: =IF(R79=0,"",((R80-R79)/R79)*100) -> 0.62723234
A81: Urban | B81: 2023 | C81: =DATE(B81,MONTH(1&D81),1) -> 44958 | D81: February | E81: 174.7 | F81: 212.2 | G81: 177.2 | H81: 177.9 | I81: 172.2 | J81: 172.1 | K81: 175.8 | L81: 172.2 | M81: 121.9 | N81: 204.8 | O81: 164.9 | P81: 196.6 | Q81: 180.7 | R81: 177.16923 | S81: =IF(R80=0,"",((R81-R80)/R80)*100) -> -0.30300407
A82: Urban | B82: 2023 | C82: =DATE(B82,MONTH(1&D82),1) -> 44986 | D82: March | E82: 174.7 | F82: 212.2 | G82: 177.2 | H82: 177.9 | I82: 172.2 | J82: 172.1 | K82: 175.9 | L82: 172.2 | M82: 121.9 | N82: 204.8 | O82: 164.9 | P82: 196.6 | Q82: 180.8 | R82: 177.18462 | S82: =IF(R81=0,"",((R82-R81)/R81)*100) -> 0.0086835707
A83: Urban | B83: 2023 | C83: =DATE(B83,MONTH(1&D83),1) -> 45017 | D83: April | E83: 174.8 | F83: 213.7 | G83: 172.4 | H83: 178.8 | I83: 168.7 | J83: 179.2 | K83: 179.9 | L83: 174.7 | M83: 123.1 | N83: 207.8 | O83: 165.5 | P83: 197 | Q83: 182.1 | R83: 178.28462 | S83: =IF(R82=0,"",((R83-R82)/R82)*100) -> 0.62082139
A84: Urban | B84: 2023 | C84: =DATE(B84,MONTH(1&D84),1) -> 45047 | D84: May | E84: 174.7 | F84: 219.4 | G84: 176.7 | H84: 179.4 | I84: 164.4 | J84: 175.8 | K84: 185 | L84: 176.9 | M84: 124.2 | N84: 211.9 | O84: 165.9 | P84: 197.7 | Q84: 183.1 | R84: 179.62308 | S84: =IF(R83=0,"",((R84-R83)/R83)*100) -> 0.75074427
S86: Max MoM | T86: =MAX(S73:S84) -> 0.75074427
A87: Food subcategory changes | B87: Start (Jun 2022) | C87: End (May 2023) | D87: Absolute Change | E87: Percentage Change (%) | S87: Month for Max | T87: =INDEX(C73:C84,MATCH((T86),S73:S84,0)) -> 45047
A88: Spices | B88: 183.5 | C88: 211.9 | D88: =C88-B88 -> 28.4 | E88: =(D88/C88)*100 -> 13.402548
A89: Cereals and products | B89: 157.5 | C89: 174.7 | D89: =C89-B89 -> 17.2 | E89: =(D89/C89)*100 -> 9.8454493 | S89: Min MoM | T89: =MIN(S73:S84) -> -0.80366402
A90: Pulses and products | B90: 163.6 | C90: 176.9 | D90: =C90-B90 -> 13.3 | E90: =(D90/C90)*100 -> 7.518372 | S90: Month for Min | T90: =INDEX(C73:C84,MATCH(T89,S73:S84,0)) -> 44896
A91: Milk and products | B91: 166.4 | C91: 179.4 | D91: =C91-B91 -> 13 | E91: =(D91/C91)*100 -> 7.2463768
A92: Prepared meals, snacks, sweets etc. | B92: 186.3 | C92: 197.7 | D92: =C92-B92 -> 11.4 | E92: =(D92/C92)*100 -> 5.7663126
A93: Non-alcoholic beverages | B93: 159.1 | C93: 165.9 | D93: =C93-B93 -> 6.8 | E93: =(D93/C93)*100 -> 4.0988547
A94: Sugar and Confectionery | B94: 121.4 | C94: 124.2 | D94: =C94-B94 -> 2.8 | E94: =(D94/C94)*100 -> 2.2544283
A95: Egg | B95: 172.8 | C95: 176.7 | D95: =C95-B95 -> 3.9 | E95: =(D95/C95)*100 -> 2.2071307
A96: Food and beverages | B96: 179.3 | C96: 183.1 | D96: =C96-B96 -> 3.8 | E96: =(D96/C96)*100 -> 2.0753687
A97: Fruits | B97: 174.1 | C97: 175.8 | D97: =C97-B97 -> 1.7 | E97: =(D97/C97)*100 -> 0.96700796
A98: Meat and fish | B98: 223.4 | C98: 219.4 | D98: =C98-B98 -> -4 | E98: =(D98/C98)*100 -> -1.8231541
A99: Vegetables | B99: 211.5 | C99: 185 | D99: =C99-B99 -> -26.5 | E99: =(D99/C99)*100 -> -14.324324
A100: Oils and fats | B100: 188.6 | C100: 164.4 | D100: =C100-B100 -> -24.2 | E100: =(D100/C100)*100 -> -14.720195
A101: Total | B101: =AVERAGE(B88:B100) -> 175.96154 | C101: =AVERAGE(C88:C100) -> 179.62308 | D101: =C101-B101 -> 3.6615385 | E101: =D101/B101 -> 0.020808743
A102: Biggest Individual Category Contributor | B102: =INDEX(A88:A100,MATCH(MAX(E88:E100),E88:E100,0)) -> Spices

Sheet Q3 Data
A1: Sector | B1: Year | C1: Month | D1: Cereals and products | E1: Meat and fish | F1: Egg | G1: Milk and products | H1: Oils and fats | I1: Fruits | J1: Vegetables | K1: Pulses and products | L1: Sugar and Confectionery | M1: Spices | N1: Non-alcoholic beverages | O1: Prepared meals, snacks, sweets etc. | P1: Food and beverages | Q1: Food Index
A2: Rural | B2: 2022 | C2: June | D2: 153.8 | E2: 217.2 | F2: 169.6 | G2: 165.4 | H2: 208.1 | I2: 165.8 | J2: 167.3 | K2: 164.6 | L2: 119.1 | M2: 188.9 | N2: 174.2 | O2: 181.9 | P2: 172.4 | Q2: =AVERAGE(D2:P2) -> 172.94615
A3: Urban | B3: 2022 | C3: June | D3: 157.5 | E3: 223.4 | F3: 172.8 | G3: 166.4 | H3: 188.6 | I3: 174.1 | J3: 211.5 | K3: 163.6 | L3: 121.4 | M3: 183.5 | N3: 159.1 | O3: 186.3 | P3: 179.3 | Q3: =AVERAGE(D3:P3) -> 175.96154
A4: Rural+Urban | B4: 2022 | C4: June | D4: 155 | E4: 219.4 | F4: 170.8 | G4: 165.8 | H4: 200.9 | I4: 169.7 | J4: 182.3 | K4: 164.3 | L4: 119.9 | M4: 187.1 | N4: 167.9 | O4: 183.9 | P4: 174.9 | Q4: =AVERAGE(D4:P4) -> 173.99231
A5: Rural | B5: 2022 | C5: July | D5: 155.2 | E5: 210.8 | F5: 174.3 | G5: 166.3 | H5: 202.2 | I5: 169.6 | J5: 168.6 | K5: 164.4 | L5: 119.2 | M5: 191.8 | N5: 174.5 | O5: 183.1 | P5: 172.5 | Q5: =AVERAGE(D5:P5) -> 173.26923
A6: Urban | B6: 2022 | C6: July | D6: 159.3 | E6: 217.1 | F6: 176.6 | G6: 167.1 | H6: 184.8 | I6: 179.5 | J6: 208.5 | K6: 164 | L6: 121.5 | M6: 186.3 | N6: 159.8 | O6: 187.7 | P6: 179.4 | Q6: =AVERAGE(D6:P6) -> 176.27692
A7: Rural+Urban | B7: 2022 | C7: July | D7: 156.5 | E7: 213 | F7: 175.2 | G7: 166.6 | H7: 195.8 | I7: 174.2 | J7: 182.1 | K7: 164.3 | L7: 120 | M7: 190 | N7: 168.4 | O7: 185.2 | P7: 175 | Q7: =AVERAGE(D7:P7) -> 174.33077
A8: Rural | B8: 2022 | C8: August | D8: 159.5 | E8: 204.1 | F8: 168.3 | G8: 167.9 | H8: 198.1 | I8: 169.2 | J8: 173.1 | K8: 167.1 | L8: 120.2 | M8: 195.6 | N8: 174.8 | O8: 184 | P8: 173.9 | Q8: =AVERAGE(D8:P8) -> 173.52308
A9: Urban | B9: 2022 | C9: August | D9: 162.1 | E9: 210.9 | F9: 170.6 | G9: 168.4 | H9: 182.5 | I9: 177.1 | J9: 213.1 | K9: 167.3 | L9: 122.2 | M9: 189.7 | N9: 160.5 | O9: 188.9 | P9: 180.4 | Q9: =AVERAGE(D9:P9) -> 176.43846
A10: Rural+Urban | B10: 2022 | C10: August | D10: 160.3 | E10: 206.5 | F10: 169.2 | G10: 168.1 | H10: 192.4 | I10: 172.9 | J10: 186.7 | K10: 167.2 | L10: 120.9 | M10: 193.6 | N10: 168.8 | O10: 186.3 | P10: 176.3 | Q10: =AVERAGE(D10:P10) -> 174.55385
A11: Rural | B11: 2022 | C11: September | D11: 162.9 | E11: 206.7 | F11: 169 | G11: 169.5 | H11: 194.1 | I11: 164.1 | J11: 176.9 | K11: 169 | L11: 120.8 | M11: 199.1 | N11: 175.4 | O11: 184.8 | P11: 175.5 | Q11: =AVERAGE(D11:P11) -> 174.44615
A12: Urban | B12: 2022 | C12: September | D12: 164.9 | E12: 213.7 | F12: 170.9 | G12: 170.1 | H12: 179.3 | I12: 167.5 | J12: 220.8 | K12: 169.2 | L12: 123.1 | M12: 193.6 | N12: 161.1 | O12: 190.4 | P12: 181.8 | Q12: =AVERAGE(D12:P12) -> 177.41538
A13: Rural+Urban | B13: 2022 | C13: September | D13: 163.5 | E13: 209.2 | F13: 169.7 | G13: 169.7 | H13: 188.7 | I13: 165.7 | J13: 191.8 | K13: 169.1 | L13: 121.6 | M13: 197.3 | N13: 169.4 | O13: 187.4 | P13: 177.8 | Q13: =AVERAGE(D13:P13) -> 175.45385
... A37: Rural+Urban | B37: 2023 | C37: May | D37: 173.7 | E37: 214.3 | F37: 173.2 | G37: 179.5 | H37: 170 | I37: 172.2 | J37: 161 | K37: 175.6 | L37: 122.7 | M37: 218 | N37: 173.4 | O37: 194.2 | P37: 179.1 | Q37: =AVERAGE(D37:P37) -> 177.45385

Sheet Q4
A1: RURAL+URBAN
A2: Sector | B2: Year | C2: Month | D2: Date | E2: Cereals and products | F2: Meat and fish | G2: Egg | H2: Milk and products | I2: Oils and fats | J2: Fruits | K2: Vegetables | L2: Pulses and products | M2: Sugar and Confectionery | N2: Spices | O2: Food Index | P2: MoM Inflation | Q2: YoY Inflation
A3: Rural+Urban | B3: 2018 | C3: January | D3: =DATE(B3,MONTH(1&C3),1) -> 43101 | E3: 136 | F3: 144.2 | G3: 143.7 | H3: 141.1 | I3: 120.7 | J3: 141.3 | K3: 151.6 | L3: 127.3 | M3: 118.8 | N3: 137.5 | O3: =IFERROR(AVERAGE(E3:N3),"NA") -> 136.22
A4: Rural+Urban | B4: 2018 | C4: February | D4: =DATE(B4,MONTH(1&C4),1) -> 43132 | E4: 135.9 | F4: 143.5 | G4: 140.3 | H4: 140.9 | I4: 120.4 | J4: 142.9 | K4: 140.5 | L4: 125.8 | M4: 117.1 | N4: 137.3 | O4: =IFERROR(AVERAGE(E4:N4),"NA") -> 134.46 | P4: =IFERROR(IF(O3=0,"",(O4-O3)/O3*100),"NA") -> -1.2920276
A5: Rural+Urban | B5: 2018 | C5: March | D5: =DATE(B5,MONTH(1&C5),1) -> 43160 | E5: 136.2 | F5: 143.6 | G5: 138.3 | H5: 141.2 | I5: 120.7 | J5: 146.2 | K5: 134.6 | L5: 124.6 | M5: 116.1 | N5: 137.8 | O5: =IFERROR(AVERAGE(E5:N5),"NA") -> 133.93 | P5: =IFERROR(IF(O4=0,"",(O5-O4)/O4*100),"NA") -> -0.39416927
A6: Rural+Urban | B6: 2018 | C6: April | D6: =DATE(B6,MONTH(1&C6),1) -> 43191 | E6: 136.4 | F6: 144.4 | G6: 133.9 | H6: 141.6 | I6: 121 | J6: 153.5 | K6: 132.6 | L6: 123.5 | M6: 113.7 | N6: 138.2 | O6: =IFERROR(AVERAGE(E6:N6),"NA") -> 133.88 | P6: =IFERROR(IF(O5=0,"",(O6-O5)/O5*100),"NA") -> -0.037332935
A7: Rural+Urban | B7: 2018 | C7: May | D7: =DATE(B7,MONTH(1&C7),1) -> 43221 | E7: 136.6 | F7: 146.6 | G7: 133.6 | H7: 142.1 | I7: 121 | J7: 154.6 | K7: 135.6 | L7: 122.3 | M7: 109.6 | N7: 138.1 | O7: =IFERROR(AVERAGE(E7:N7),"NA") -> 134.01 | P7: =IFERROR(IF(O6=0,"",(O7-O6)/O6*100),"NA") -> 0.097101882
A8: Rural+Urban | B8: 2018 | C8: June | D8: =DATE(B8,MONTH(1&C8),1) -> 43252 | E8: 136.9 | F8: 148.7 | G8: 135.6 | H8: 142.3 | I8: 121.3 | J8: 153.2 | K8: 143.7 | L8: 121.4 | M8: 111.1 | N8: 138.4 | O8: =IFERROR(AVERAGE(E8:N8),"NA") -> 135.26 | P8: =IFERROR(IF(O7=0,"",(O8-O7)/O7*100),"NA") -> 0.93276621
A9: Rural+Urban | B9: 2018 | C9: July | D9: =DATE(B9,MONTH(1&C9),1) -> 43282 | E9: 137.5 | F9: 149.1 | G9: 139.2 | H9: 142.5 | I9: 121.4 | J9: 151.6 | K9: 155.9 | L9: 121.7 | M9: 113.5 | N9: 138.9 | O9: =IFERROR(AVERAGE(E9:N9),"NA") -> 137.13 | P9: =IFERROR(IF(O8=0,"",(O9-O8)/O8*100),"NA") -> 1.3825225
A10: Rural+Urban | B10: 2018 | C10: August | D10: =DATE(B10,MONTH(1&C10),1) -> 43313 | E10: 138.3 | F10: 148 | G10: 138.1 | H10: 142.6 | I10: 122.2 | J10: 150.6 | K10: 156.6 | L10: 122.4 | M10: 114.7 | N10: 139.4 | O10: =IFERROR(AVERAGE(E10:N10),"NA") -> 137.29 | P10: =IFERROR(IF(O9=0,"",(O10-O9)/O9*100),"NA") -> 0.11667761
A11: Rural+Urban | B11: 2018 | C11: September | D11: =DATE(B11,MONTH(1&C11),1) -> 43344 | E11: 138.6 | F11: 145.8 | G11: 135.1 | H11: 142.9 | I11: 122.1 | J11: 145.4 | K11: 150 | L11: 121.4 | M11: 113.7 | N11: 139.5 | O11: =IFERROR(AVERAGE(E11:N11),"NA") -> 135.45 | P11: =IFERROR(IF(O10=0,"",(O11-O10)/O10*100),"NA") -> -1.3402287
A12: Rural+Urban | B12: 2018 | C12: October | D12: =DATE(B12,MONTH(1&C12),1) -> 43374 | E12: 137.4 | F12: 149.5 | G12: 137.3 | H12: 141.9 | I12: 121.1 | J12: 142.5 | K12: 146.7 | L12: 119.1 | M12: 111.9 | N12: 141 | O12: =IFERROR(AVERAGE(E12:N12),"NA") -> 134.84 | P12: =IFERROR(IF(O11=0,"",(O12-O11)/O11*100),"NA") -> -0.45035068
A13: Rural+Urban | B13: 2018 | C13: November | D13: =DATE(B13,MONTH(1&C13),1) -> 43405 | E13: 137.4 | F13: 149.2 | G13: 137.1 | H13: 141.8 | I13: 121.1 | J13: 142.8 | K13: 146.7 | L13: 119.1 | M13: 111.9 | N13: 140.9 | O13: =IFERROR(AVERAGE(E13:N13),"NA") -> 134.8 | P13: =IFERROR(IF(O12=0,"",(O13-O12)/O12*100),"NA") -> -0.029664788
A14: Rural+Urban | B14: 2018 | C14: December | D14: =DATE(B14,MONTH(1&C14),1) -> 43435 | E14: 137.5 | F14: 150.5 | G14: 138.8 | H14: 142.1 | I14: 122 | J14: 139.4 | K14: 135.2 | L14: 119.8 | M14: 110.3 | N14: 140.6 | O14: =IFERROR(AVERAGE(E14:N14),"NA") -> 133.62 | P14: =IFERROR(IF(O13=0,"",(O14-O13)/O13*100),"NA") -> -0.87537092
A15: Rural+Urban | B15: 2019 | C15: January | D15: =DATE(B15,MONTH(1&C15),1) -> 43466 | E15: 137.1 | F15: 151.4 | G15: 140.2 | H15: 142.1 | I15: 121.8 | J15: 135.4 | K15: 131.3 | L15: 120.3 | M15: 109.1 | N15: 139.4 | O15: =IFERROR(AVERAGE(E15:N15),"NA") -> 132.81 | P15: =IFERROR(IF(O14=0,"",(O15-O14)/O14*100),"NA") -> -0.60619668 | Q15: =IFERROR(IF(O3=0,"",(O15-O3)/O3*100),"NA") -> -2.5033035
A16: Rural+Urban | B16: 2019 | C16: February | D16: =DATE(B16,MONTH(1&C16),1) -> 43497 | E16: 137.6 | F16: 152 | G16: 141.5 | H16: 142.2 | I16: 122 | J16: 136.4 | K16: 129.7 | L16: 121 | M16: 109 | N16: 139.7 | O16: =IFERROR(AVERAGE(E16:N16),"NA") -> 133.11 | P16: =IFERROR(IF(O15=0,"",(O16-O15)/O15*100),"NA") -> 0.2258866 | Q16: =IFERROR(IF(O4=0,"",(O16-O4)/O4*100),"NA") -> -1.0040161
A17: Rural+Urban | B17: 2019 | C17: March | D17: =DATE(B17,MONTH(1&C17),1) -> 43525 | E17: 137.8 | F17: 153 | G17: 140.3 | H17: 142.3 | I17: 122 | J17: 137.6 | K17: 132.6 | L17: 121.8 | M17: 109 | N17: 139.5 | O17: =IFERROR(AVERAGE(E17:N17),"NA") -> 133.59 | P17: =IFERROR(IF(O16=0,"",(O17-O16)/O16*100),"NA") -> 0.36060401 | Q17: =IFERROR(IF(O5=0,"",(O17-O5)/O5*100),"NA") -> -0.25386396
A18: Rural+Urban | B18: 2019 | C18: May | D18: =DATE(B18,MONTH(1&C18),1) -> 43586 | E18: 138.3 | F18: 158.5 | G18: 136 | H18: 142.5 | I18: 122 | J18: 146.5 | K18: 143 | L18: 124.9 | M18: 109.9 | N18: 139.9 | O18: =IFERROR(AVERAGE(E18:N18),"NA") -> 136.15 | P18: =IFERROR(IF(O17=0,"",(O18-O17)/O17*100),"NA") -> 1.9163111 | Q18: =IFERROR(IF(O6=0,"",(O18-O6)/O6*100),"NA") -> 1.6955483
A19: Rural+Urban | B19: 2019 | C19: June | D19: =DATE(B19,MONTH(1&C19),1) -> 43617 | E19: 138.7 | F19: 162.1 | G19: 137.8 | H19: 143.3 | I19: 122.2 | J19: 146.8 | K19: 150.5 | L19: 128.3 | M19: 111 | N19: 140.6 | O19: =IFERROR(AVERAGE(E19:N19),"NA") -> 138.13 | P19: =IFERROR(IF(O18=0,"",(O19-O18)/O18*100),"NA") -> 1.4542784 | Q19: =IFERROR(IF(O7=0,"",(O19-O7)/O7*100),"NA") -> 3.0743974
A20: Rural+Urban | B20: 2019 | C20: July | D20: =DATE(B20,MONTH(1&C20),1) -> 43647 | E20: 139.3 | F20: 162.7 | G20: 140 | H20: 144 | I20: 122.5 | J20: 150.3 | K20: 160.3 | L20: 130 | M20: 111.1 | N20: 141.7 | O20: =IFERROR(AVERAGE(E20:N20),"NA") -> 140.19 | P20: =IFERROR(IF(O19=0,"",(O20-O19)/O19*100),"NA") -> 1.4913487 | Q20: =IFERROR(IF(O8=0,"",(O20-O8)/O8*100),"NA") -> 3.6448322
A21: Rural+Urban | B21: 2019 | C21: August | D21: =DATE(B21,MONTH(1&C21),1) -> 43678 | E21: 140.1 | F21: 160.6 | G21: 138.5 | H21: 144.7 | I21: 122.9 | J21: 149.4 | K21: 167.4 | L21: 130.9 | M21: 112 | N21: 142.6 | O21: =IFERROR(AVERAGE(E21:N21),"NA") -> 140.91 | P21: =IFERROR(IF(O20=0,"",(O21-O20)/O20*100),"NA") -> 0.5135887 | Q21: =IFERROR(IF(O9=0,"",(O21-O9)/O9*100),"NA") -> 2.7565084
A22: Rural+Urban | B22: 2019 | C22: September | D22: =DATE(B22,MONTH(1&C22),1) -> 43709 | E22: 140.9 | F22: 160.8 | G22: 139.6 | H22: 145.4 | I22: 123.5 | J22: 146.6 | K22: 173.2 | L22: 131.6 | M22: 113.2 | N22: 144.1 | O22: =IFERROR(AVERAGE(E22:N22),"NA") -> 141.89 | P22: =IFERROR(IF(O21=0,"",(O22-O21)/O21*100),"NA") -> 0.69547938 | Q22: =IFERROR(IF(O10=0,"",(O22-O10)/O10*100),"NA") -> 3.3505718
A23: Rural+Urban | B23: 2019 | C23: October | D23: =DATE(B23,MONTH(1&C23),1) -> 43739 | E23: 141.8 | F23: 161 | G23: 142.6 | H23: 146.2 | I23: 123.9 | J23: 148 | K23: 188.4 | L23: 132.5 | M23: 114 | N23: 145.4 | O23: =IFERROR(AVERAGE(E23:N23),"NA") -> 144.38 | P23: =IFERROR(IF(O22=0,"",(O23-O22)/O22*100),"NA") -> 1.7548805 | Q23: =IFERROR(IF(O11=0,"",(O23-O11)/O11*100),"NA") -> 6.5928387
A24: Rural+Urban | B24: 2019 | C24: November | D24: =DATE(B24,MONTH(1&C24),1) -> 43770 | E24: 142.5 | F24: 163.2 | G24: 145.6 | H24: 146.7 | I24: 124.3 | J24: 147.4 | K24: 199.6 | L24: 135.7 | M24: 114.2 | N24: 147 | O24: =IFERROR(AVERAGE(E24:N24),"NA") -> 146.62 | P24: =IFERROR(IF(O23=0,"",(O24-O23)/O23*100),"NA") -> 1.5514614 | Q24: =IFERROR(IF(O12=0,"",(O24-O12)/O12*100),"NA") -> 8.73628
A25: Rural+Urban | B25: 2019 | C25: December | D25: =DATE(B25,MONTH(1&C25),1) -> 43800 | E25: 143.5 | F25: 165 | G25: 151.1 | H25: 148.3 | I25: 125.7 | J25: 145.7 | K25: 217 | L25: 138.3 | M25: 114 | N25: 148.7 | O25: =IFERROR(AVERAGE(E25:N25),"NA") -> 149.73 | P25: =IFERROR(IF(O24=0,"",(O25-O24)/O24*100),"NA") -> 2.1211295 | Q25: =IFERROR(IF(O13=0,"",(O25-O13)/O13*100),"NA") -> 11.075668
A26: Rural+Urban | B26: 2020 | C26: January | D26: =DATE(B26,MONTH(1&C26),1) -> 43831 | E26: 144.3 | F26: 167.4 | G26: 154.9 | H26: 150.1 | I26: 129.9 | J26: 143.2 | K26: 197 | L26: 140.4 | M26: 114.1 | N26: 150.9 | O26: =IFERROR(AVERAGE(E26:N26),"NA") -> 149.22 | P26: =IFERROR(IF(O25=0,"",(O26-O25)/O25*100),"NA") -> -0.3406131 | Q26: =IFERROR(IF(O14=0,"",(O26-O14)/O14*100),"NA") -> 11.674899
... A28: Rural+Urban | B28: 2020 | C28: March | D28: =DATE(B28,MONTH(1&C28),1) -> 43891 | E28: 145.1 | F28: 167 | G28: 148.1 | H28: 151.5 | I28: 131.2 | J28: 142.5 | K28: 157.3 | L28: 141.1 | M28: 113.2 | N28: 153.2 | O28: =IFERROR(AVERAGE(E28:N28),"NA") -> 145.02 | P28: =IFERROR(IF(O27=0,"",(O28-O27)/O27*100),"NA") -> -1.0440123 | Q28: =IFERROR(IF(O16=0,"",(O28-O16)/O16*100),"NA") -> 8.947487
A29: Rural+Urban | B29: 2020 | C29: April | D29: =DATE(B29,MONTH(1&C29),1) -> 43922 | E29: 148.7 | F29: NA | G29: 148.8 | H29: 155.6 | I29: 135.1 | J29: 149.9 | K29: 168.6 | L29: 150.4 | M29: 120.3 | N29: 157.1 | O29: =IFERROR(AVERAGE(E29:N29),"NA") -> 148.27778 | P29: =IFERROR(IF(O28=0,"",(O29-O28)/O28*100),"NA") -> 2.2464334 | Q29: =IFERROR(IF(O17=0,"",(O29-O17)/O17*100),"NA") -> 10.994669
A30: Rural+Urban | B30: 2020 | C30: May | D30: =DATE(B30,MONTH(1&C30),1) -> 43952 | E30: NA | F30: NA | G30: NA | H30: NA | I30: NA | J30: NA | K30: NA | L30: NA | M30: NA | N30: NA | O30: =IFERROR(AVERAGE(E30:N30),"NA") -> NA | P30: =IFERROR(IF(O29=0,"",(O30-O29)/O29*100),"NA") -> NA | Q30: =IFERROR(IF(O18=0,"",(O30-O18)/O18*100),"NA") -> NA
A31: Rural+Urban | B31: 2020 | C31: June | D31: =DATE(B31,MONTH(1&C31),1) -> 43983 | E31: 149.6 | F31: 192.7 | G31: 151.4 | H31: 153.3 | I31: 136.3 | J31: 147.2 | K31: 156.5 | L31: 150.9 | M31: 114.2 | N31: 159.5 | O31: =IFERROR(AVERAGE(E31:N31),"NA") -> 151.16 | P31: =IFERROR(IF(O30=0,"",(O31-O30)/O30*100),"NA") -> NA | Q31: =IFERROR(IF(O19=0,"",(O31-O19)/O19*100),"NA") -> 9.4331427
A32: Rural+Urban | B32: 2020 | C32: July | D32: =DATE(B32,MONTH(1&C32),1) -> 44013 | E32: 149.6 | F32: 192.7 | G32: 151.4 | H32: 153.3 | I32: 136.3 | J32: 147.2 | K32: 156.5 | L32: 150.9 | M32: 114.2 | N32: 159.5 | O32: =IFERROR(AVERAGE(E32:N32),"NA") -> 151.16 | P32: =IFERROR(IF(O31=0,"",(O32-O31)/O31*100),"NA") -> 0 | Q32: =IFERROR(IF(O20=0,"",(O32-O20)/O20*100),"NA") -> 7.8250945
A33: Rural+Urban | B33: 2020 | C33: August | D33: =DATE(B33,MONTH(1&C33),1) -> 44044 | E33: 148.9 | F33: 190.9 | G33: 150.8 | H33: 153.3 | I33: 137.4 | J33: 150.4 | K33: 178.1 | L33: 150.4 | M33: 115.1 | N33: 160 | O33: =IFERROR(AVERAGE(E33:N33),"NA") -> 153.53 | P33: =IFERROR(IF(O32=0,"",(O33-O32)/O32*100),"NA") -> 1.5678751 | Q33: =IFERROR(IF(O21=0,"",(O33-O21)/O21*100),"NA") -> 8.9560713
A34: Rural+Urban | B34: 2020 | C34: September | D34: =DATE(B34,MONTH(1&C34),1) -> 44075 | E34: 148.4 | F34: 187.1 | G34: 152.5 | H34: 153.6 | I34: 138.2 | J34: 150.9 | K34: 186.7 | L34: 149.8 | M34: 116.4 | N34: 160.3 | O34: =IFERROR(AVERAGE(E34:N34),"NA") -> 154.39 | P34: =IFERROR(IF(O33=0,"",(O34-O33)/O33*100),"NA") -> 0.56015111 | Q34: =IFERROR(IF(O22=0,"",(O34-O22)/O22*100),"NA") -> 8.8096413
A35: Rural+Urban | B35: 2020 | C35: October | D35: =DATE(B35,MONTH(1&C35),1) -> 44105 | E35: 147.5 | F35: 188.9 | G35: 161.4 | H35: 153.6 | I35: 140.1 | J35: 151.2 | K35: 209.2 | L35: 150.9 | M35: 116.2 | N35: 161 | O35: =IFERROR(AVERAGE(E35:N35),"NA") -> 158 | P35: =IFERROR(IF(O34=0,"",(O35-O34)/O34*100),"NA") -> 2.3382343 | Q35: =IFERROR(IF(O23=0,"",(O35-O23)/O23*100),"NA") -> 9.4334395
A36: Rural+Urban | B36: 2020 | C36: November | D36: =DATE(B36,MONTH(1&C36),1) -> 44136 | E36: 146.8 | F36: 191 | G36: 173.6 | H36: 153.8 | I36: 142.7 | J36: 148.4 | K36: 230 | L36: 156.8 | M36: 115.7 | N36: 161.8 | O36: =IFERROR(AVERAGE(E36:N36),"NA") -> 162.06 | P36: =IFERROR(IF(O35=0,"",(O36-O35)/O35*100),"NA") -> 2.5696203 | Q36: =IFERROR(IF(O24=0,"",(O36-O24)/O24*100),"NA") -> 10.530623
A37: Rural+Urban | B37: 2020 | C37: December | D37: =DATE(B37,MONTH(1&C37),1) -> 44166 | E37: 146 | F37: 191 | G37: 175.3 | H37: 154.1 | I37: 146.6 | J37: 147.7 | K37: 230.5 | L37: 160.2 | M37: 115.3 | N37: 163 | O37: =IFERROR(AVERAGE(E37:N37),"NA") -> 162.97 | P37: =IFERROR(IF(O36=0,"",(O37-O36)/O36*100),"NA") -> 0.56152042 | Q37: =IFERROR(IF(O25=0,"",(O37-O25)/O25*100),"NA") -> 8.8425833
A38: Rural+Urban | B38: 2021 | C38: January | D38: =DATE(B38,MONTH(1&C38),1) -> 44197 | E38: 144.9 | F38: 190.1 | G38: 175.3 | H38: 154.1 | I38: 150.9 | J38: 149.6 | K38: 194.2 | L38: 160.4 | M38: 114.6 | N38: 164 | O38: =IFERROR(AVERAGE(E38:N38),"NA") -> 159.81 | P38: =IFERROR(IF(O37=0,"",(O38-O37)/O37*100),"NA") -> -1.9390072 | Q38: =IFERROR(IF(O26=0,"",(O38-O26)/O26*100),"NA") -> 7.0969039
A39: Rural+Urban | B39: 2021 | C39: February | D39: =DATE(B39,MONTH(1&C39),1) -> 44228 | E39: 144.3 | F39: 186.5 | G39: 168.7 | H39: 154.7 | I39: 158.7 | J39: 150.7 | K39: 160 | L39: 158.8 | M39: 112.8 | N39: 164.2 | O39: =IFERROR(AVERAGE(E39:N39),"NA") -> 155.94 | P39: =IFERROR(IF(O38=0,"",(O39-O38)/O38*100),"NA") -> -2.4216257 | Q39: =IFERROR(IF(O27=0,"",(O39-O27)/O27*100),"NA") -> 6.4073695
A40: Rural+Urban | B40: 2021 | C40: March | D40: =DATE(B40,MONTH(1&C40),1) -> 44256 | E40: 144.1 | F40: 192.2 | G40: 163.8 | H40: 154.9 | I40: 163.9 | J40: 153.7 | K40: 149.5 | L40: 159.8 | M40: 112.6 | N40: 163.5 | O40: =IFERROR(AVERAGE(E40:N40),"NA") -> 155.8 | P40: =IFERROR(IF(O39=0,"",(O40-O39)/O39*100),"NA") -> -0.08977812 | Q40: =IFERROR(IF(O28=0,"",(O40-O28)/O28*100),"NA") -> 7.4334575
A41: Rural+Urban | B41: 2021 | C41: April | D41: =DATE(B41,MONTH(1&C41),1) -> 44287 | E41: 144.3 | F41: 198 | G41: 164.6 | H41: 155.4 | I41: 170.1 | J41: 164.4 | K41: 144.1 | L41: 161.7 | M41: 113.1 | N41: 163.9 | O41: =IFERROR(AVERAGE(E41:N41),"NA") -> 157.96 | P41: =IFERROR(IF(O40=0,"",(O41-O40)/O40*100),"NA") -> 1.3863928 | Q41: =IFERROR(IF(O29=0,"",(O41-O29)/O29*100),"NA") -> 6.5297864
A42: Rural+Urban | B42: 2021 | C42: May | D42: =DATE(B42,MONTH(1&C42),1) -> 44317 | E42: 146.3 | F42: 200.5 | G42: 170.3 | H42: 156.1 | I42: 178.7 | J42: 167.1 | K42: 147.9 | L42: 165.4 | M42: 114.8 | N42: 168.2 | O42: =IFERROR(AVERAGE(E42:N42),"NA") -> 161.53 | P42: =IFERROR(IF(O41=0,"",(O42-O41)/O41*100),"NA") -> 2.2600658 | Q42: =IFERROR(IF(O30=0,"",(O42-O30)/O30*100),"NA") -> NA
... A49: Rural+Urban | B49: 2021 | C49: December | D49: =DATE(B49,MONTH(1&C49),1) -> 44531 | E49: 148.7 | F49: 198.8 | G49: 177.9 | H49: 159.9 | I49: 187.6 | J49: 154.9 | K49: 188.3 | L49: 164.4 | M49: 121 | N49: 170.5 | O49: =IFERROR(AVERAGE(E49:N49),"NA") -> 167.2 | P49: =IFERROR(IF(O48=0,"",(O49-O48)/O48*100),"NA") -> -0.78328982 | Q49: =IFERROR(IF(O37=0,"",(O49-O37)/O37*100),"NA") -> 2.5955697
A50: Food Products
A51: Timline | B51: Period | C51: YoY (%) | D51: MoM (%) | E51: /\YoY (%) | F51: /\MoM (%)
A52: Pre- Covid | B52: March,2019 - Feb,2020 | C52: =AVERAGEIFS($Q$3:$Q$49,$D$3:$D$49,">=2019-03-01",$D$3:$D$49,"<=2020-02-01") -> 5.6993896 | D52: =AVERAGEIFS($P$3:$P$49,$D$3:$D$49,">=2019-03-01",$D$3:$D$49,"<=2020-02-01") -> 0.88446947 | E52: =C53-C52 -> 3.0063372 | F52: =D53-D52 -> -0.34512711
A53: Post Covid | B53: April,2020 - March,2021 | C53: =AVERAGEIFS($Q$3:$Q$49,$D$3:$D$49,">=2020-04-01",$D$3:$D$49,"<=2021-03-01") -> 8.7057269 | D53: =AVERAGEIFS($P$3:$P$49,$D$3:$D$49,">=2020-04-01",$D$3:$D$49,"<=2021-03-01") -> 0.53934237
A56: Sector | B56: Year | C56: Month | D56: Date | E56: Housing | F56: Household goods and services | G56: House Index | H56: MoM Inflation | I56: YoY Inflation
A57: Rural+Urban | B57: 2018 | C57: January | D57: =DATE(B57,MONTH(1&C57),1) -> 43101 | E57: 140.4 | F57: 134.9 | G57: =IFERROR(AVERAGE(E57:F57),"NA") -> 137.65 | K57: Household
A58: Rural+Urban | B58: 2018 | C58: February | D58: =DATE(B58,MONTH(1&C58),1) -> 43132 | E58: 141.3 | F58: 135.2 | G58: =IFERROR(AVERAGE(E58:F58),"NA") -> 138.25 | H58: =IFERROR(IF(G57=0,"",(G58-G57)/G57*100),"NA") -> 0.43588812 | K58: Period | L58: YoY (%) | M58: MoM (%) | N58: /\YoY (%) | O58: /\MoM (%)
A59: Rural+Urban | B59: 2018 | C59: March | D59: =DATE(B59,MONTH(1&C59),1) -> 43160 | E59: 142 | F59: 135.6 | G59: =IFERROR(AVERAGE(E59:F59),"NA") -> 138.8 | H59: =IFERROR(IF(G58=0,"",(G59-G58)/G58*100),"NA") -> 0.39783002 | K59: March,2019 - Feb,2020 | L59: =AVERAGEIFS(I57:I103,$D$57:$D$103,">=2019-03-01",$D$57:$D$103,"<=2020-02-01") -> 4.3492265 | M59: =AVERAGEIFS(H57:H103,$D$57:$D$103,">=2019-03-01",$D$57:$D$103,"<=2020-02-01") -> 0.27640526 | N59: =L60-L59 -> -1.950038 | O59: =M60-M59 -> 0.082751226
A60: Rural+Urban | B60: 2018 | C60: April | D60: =DATE(B60,MONTH(1&C60),1) -> 43191 | E60: 142.9 | F60: 136.6 | G60: =IFERROR(AVERAGE(E60:F60),"NA") -> 139.75 | H60: =IFERROR(IF(G59=0,"",(G60-G59)/G59*100),"NA") -> 0.68443804 | K60: April,2020 - March,2021 | L60: =AVERAGEIFS(I57:I103,$D$57:$D$103,">=2020-04-01",$D$57:$D$103,"<=2021-03-01") -> 2.3991885 | M60: =AVERAGEIFS(H57:H103,$D$57:$D$103,">=2020-04-01",$D$57:$D$103,"<=2021-03-01") -> 0.35915648
A61: Rural+Urban | B61: 2018 | C61: May | D61: =DATE(B61,MONTH(1&C61),1) -> 43221 | E61: 143.2 | F61: 137.4 | G61: =IFERROR(AVERAGE(E61:F61),"NA") -> 140.3 | H61: =IFERROR(IF(G60=0,"",(G61-G60)/G60*100),"NA") -> 0.39355993
A62: Rural+Urban | B62: 2018 | C62: June | D62: =DATE(B62,MONTH(1&C62),1) -> 43252 | E62: 142.5 | F62: 137.9 | G62: =IFERROR(AVERAGE(E62:F62),"NA") -> 140.2 | H62: =IFERROR(IF(G61=0,"",(G62-G61)/G61*100),"NA") -> -0.071275837
A63: Rural+Urban | B63: 2018 | C63: July | D63: =DATE(B63,MONTH(1&C63),1) -> 43282 | E63: 143.6 | F63: 138.6 | G63: =IFERROR(AVERAGE(E63:F63),"NA") -> 141.1 | H63: =IFERROR(IF(G62=0,"",(G63-G62)/G62*100),"NA") -> 0.64194009
A64: Rural+Urban | B64: 2018 | C64: August | D64: =DATE(B64,MONTH(1&C64),1) -> 43313 | E64: 144.6 | F64: 139.4 | G64: =IFERROR(AVERAGE(E64:F64),"NA") -> 142 | H64: =IFERROR(IF(G63=0,"",(G64-G63)/G63*100),"NA") -> 0.6378455
A65: Rural+Urban | B65: 2018 | C65: September | D65: =DATE(B65,MONTH(1&C65),1) -> 43344 | E65: 145.3 | F65: 139.7 | G65: =IFERROR(AVERAGE(E65:F65),"NA") -> 142.5 | H65: =IFERROR(IF(G64=0,"",(G65-G64)/G64*100),"NA") -> 0.35211268
A66: Rural+Urban | B66: 2018 | C66: October | D66: =DATE(B66,MONTH(1&C66),1) -> 43374 | E66: 146.9 | F66: 142.2 | G66: =IFERROR(AVERAGE(E66:F66),"NA") -> 144.55 | H66: =IFERROR(IF(G65=0,"",(G66-G65)/G65*100),"NA") -> 1.4385965
A67: Rural+Urban | B67: 2018 | C67: November | D67: =DATE(B67,MONTH(1&C67),1) -> 43405 | E67: 146.9 | F67: 142.2 | G67: =IFERROR(AVERAGE(E67:F67),"NA") -> 144.55 | H67: =IFERROR(IF(G66=0,"",(G67-G66)/G66*100),"NA") -> 0
A68: Rural+Urban | B68: 2018 | C68: December | D68: =DATE(B68,MONTH(1&C68),1) -> 43435 | E68: 146.5 | F68: 143.2 | G68: =IFERROR(AVERAGE(E68:F68),"NA") -> 144.85 | H68: =IFERROR(IF(G67=0,"",(G68-G67)/G67*100),"NA") -> 0.20754064
A69: Rural+Urban | B69: 2019 | C69: January | D69: =DATE(B69,MONTH(1&C69),1) -> 43466 | E69: 147.7 | F69: 143.6 | G69: =IFERROR(AVERAGE(E69:F69),"NA") -> 145.65 | H69: =IFERROR(IF(G68=0,"",(G69-G68)/G68*100),"NA") -> 0.55229548 | I69: =IFERROR(IF(G57=0,"",(G69-G57)/G57*100),"NA") -> 5.8118416
A70: Rural+Urban | B70: 2019 | C70: February | D70: =DATE(B70,MONTH(1&C70),1) -> 43497 | E70: 148.5 | F70: 143.7 | G70: =IFERROR(AVERAGE(E70:F70),"NA") -> 146.1 | H70: =IFERROR(IF(G69=0,"",(G70-G69)/G69*100),"NA") -> 0.30895984 | I70: =IFERROR(IF(G58=0,"",(G70-G58)/G58*100),"NA") -> 5.6781193
A71: Rural+Urban | B71: 2019 | C71: March | D71: =DATE(B71,MONTH(1&C71),1) -> 43525 | E71: 149 | F71: 143.8 | G71: =IFERROR(AVERAGE(E71:F71),"NA") -> 146.4 | H71: =IFERROR(IF(G70=0,"",(G71-G70)/G70*100),"NA") -> 0.20533881 | I71: =IFERROR(IF(G59=0,"",(G71-G59)/G59*100),"NA") -> 5.4755043
A72: Rural+Urban | B72: 2019 | C72: May | D72: =DATE(B72,MONTH(1&C72),1) -> 43586 | E72: 150.1 | F72: 143.7 | G72: =IFERROR(AVERAGE(E72:F72),"NA") -> 146.9 | H72: =IFERROR(IF(G71=0,"",(G72-G71)/G71*100),"NA") -> 0.34153005 | I72: =IFERROR(IF(G60=0,"",(G72-G60)/G60*100),"NA") -> 5.1162791
A73: Rural+Urban | B73: 2019 | C73: June | D73: =DATE(B73,MONTH(1&C73),1) -> 43617 | E73: 149.4 | F73: 143.8 | G73: =IFERROR(AVERAGE(E73:F73),"NA") -> 146.6 | H73: =IFERROR(IF(G72=0,"",(G73-G72)/G72*100),"NA") -> -0.20422056 | I73: =IFERROR(IF(G61=0,"",(G73-G61)/G61*100),"NA") -> 4.4903778
A74: Rural+Urban | B74: 2019 | C74: July | D74: =DATE(B74,MONTH(1&C74),1) -> 43647 | E74: 150.6 | F74: 144.2 | G74: =IFERROR(AVERAGE(E74:F74),"NA") -> 147.4 | H74: =IFERROR(IF(G73=0,"",(G74-G73)/G73*100),"NA") -> 0.54570259 | I74: =IFERROR(IF(G62=0,"",(G74-G62)/G62*100),"NA") -> 5.1355207
A75: Rural+Urban | B75: 2019 | C75: August | D75: =DATE(B75,MONTH(1&C75),1) -> 43678 | E75: 151.6 | F75: 144.5 | G75: =IFERROR(AVERAGE(E75:F75),"NA") -> 148.05 | H75: =IFERROR(IF(G74=0,"",(G75-G74)/G74*100),"NA") -> 0.44097693 | I75: =IFERROR(IF(G63=0,"",(G75-G63)/G63*100),"NA") -> 4.9255847
A76: Rural+Urban | B76: 2019 | C76: September | D76: =DATE(B76,MONTH(1&C76),1) -> 43709 | E76: 152.2 | F76: 144.6 | G76: =IFERROR(AVERAGE(E76:F76),"NA") -> 148.4 | H76: =IFERROR(IF(G75=0,"",(G76-G75)/G75*100),"NA") -> 0.23640662 | I76: =IFERROR(IF(G64=0,"",(G76-G64)/G64*100),"NA") -> 4.5070423
A77: Rural+Urban | B77: 2019 | C77: October | D77: =DATE(B77,MONTH(1&C77),1) -> 43739 | E77: 153 | F77: 145 | G77: =IFERROR(AVERAGE(E77:F77),"NA") -> 149 | H77: =IFERROR(IF(G76=0,"",(G77-G76)/G76*100),"NA") -> 0.40431267 | I77: =IFERROR(IF(G65=0,"",(G77-G65)/G65*100),"NA") -> 4.5614035
A78: Rural+Urban | B78: 2019 | C78: November | D78: =DATE(B78,MONTH(1&C78),1) -> 43770 | E78: 153.5 | F78: 145.3 | G78: =IFERROR(AVERAGE(E78:F78),"NA") -> 149.4 | H78: =IFERROR(IF(G77=0,"",(G78-G77)/G77*100),"NA") -> 0.26845638 | I78: =IFERROR(IF(G66=0,"",(G78-G66)/G66*100),"NA") -> 3.3552404
A79: Rural+Urban | B79: 2019 | C79: December | D79: =DATE(B79,MONTH(1&C79),1) -> 43800 | E79: 152.8 | F79: 145.8 | G79: =IFERROR(AVERAGE(E79:F79),"NA") -> 149.3 | H79: =IFERROR(IF(G78=0,"",(G79-G78)/G78*100),"NA") -> -0.066934404 | I79: =IFERROR(IF(G67=0,"",(G79-G67)/G67*100),"NA") -> 3.2860602
A80: Rural+Urban | B80: 2020 | C80: January | D80: =DATE(B80,MONTH(1&C80),1) -> 43831 | E80: 153.9 | F80: 146.2 | G80: =IFERROR(AVERAGE(E80:F80),"NA") -> 150.05 | H80: =IFERROR(IF(G79=0,"",(G80-G79)/G79*100),"NA") -> 0.50234427 | I80: =IFERROR(IF(G68=0,"",(G80-G68)/G68*100),"NA") -> 3.5899206
... A82: Rural+Urban | B82: 2020 | C82: March | D82: =DATE(B82,MONTH(1&C82),1) -> 43891 | E82: 154.5 | F82: 146.4 | G82: =IFERROR(AVERAGE(E82:F82),"NA") -> 150.45 | H82: =IFERROR(IF(G81=0,"",(G82-G81)/G81*100),"NA") -> -0.099601594 | I82: =IFERROR(IF(G70=0,"",(G82-G70)/G70*100),"NA") -> 2.9774127
A83: Rural+Urban | B83: 2020 | C83: April | D83: =DATE(B83,MONTH(1&C83),1) -> 43922 | E83: 155.6 | F83: NA | G83: =IFERROR(AVERAGE(E83:F83),"NA") -> 155.6 | H83: =IFERROR(IF(G82=0,"",(G83-G82)/G82*100),"NA") -> 3.4230641 | I83: =IFERROR(IF(G71=0,"",(G83-G71)/G71*100),"NA") -> 6.284153
A84: Rural+Urban | B84: 2020 | C84: May | D84: =DATE(B84,MONTH(1&C84),1) -> 43952 | E84: 139.25 | F84: NA | G84: =IFERROR(AVERAGE(E84:F84),"NA") -> 139.25 | H84: =IFERROR(IF(G83=0,"",(G84-G83)/G83*100),"NA") -> -10.507712 | I84: =IFERROR(IF(G72=0,"",(G84-G72)/G72*100),"NA") -> -5.2076242
A85: Rural+Urban | B85: 2020 | C85: June | D85: =DATE(B85,MONTH(1&C85),1) -> 43983 | E85: 154.7 | F85: 146.4 | G85: =IFERROR(AVERAGE(E85:F85),"NA") -> 150.55 | H85: =IFERROR(IF(G84=0,"",(G85-G84)/G84*100),"NA") -> 8.1149013 | I85: =IFERROR(IF(G73=0,"",(G85-G73)/G73*100),"NA") -> 2.6944065
A86: Rural+Urban | B86: 2020 | C86: July | D86: =DATE(B86,MONTH(1&C86),1) -> 44013 | E86: 154.7 | F86: 146.4 | G86: =IFERROR(AVERAGE(E86:F86),"NA") -> 150.55 | H86: =IFERROR(IF(G85=0,"",(G86-G85)/G85*100),"NA") -> 0 | I86: =IFERROR(IF(G74=0,"",(G86-G74)/G74*100),"NA") -> 2.1370421
A87: Rural+Urban | B87: 2020 | C87: August | D87: =DATE(B87,MONTH(1&C87),1) -> 44044 | E87: 155.5 | F87: 148.4 | G87: =IFERROR(AVERAGE(E87:F87),"NA") -> 151.95 | H87: =IFERROR(IF(G86=0,"",(G87-G86)/G86*100),"NA") -> 0.92992361 | I87: =IFERROR(IF(G75=0,"",(G87-G75)/G75*100),"NA") -> 2.6342452
A88: Rural+Urban | B88: 2020 | C88: September | D88: =DATE(B88,MONTH(1&C88),1) -> 44075 | E88: 156.3 | F88: 148.7 | G88: =IFERROR(AVERAGE(E88:F88),"NA") -> 152.5 | H88: =IFERROR(IF(G87=0,"",(G88-G87)/G87*100),"NA") -> 0.36196117 | I88: =IFERROR(IF(G76=0,"",(G88-G76)/G76*100),"NA") -> 2.7628032
A89: Rural+Urban | B89: 2020 | C89: October | D89: =DATE(B89,MONTH(1&C89),1) -> 44105 | E89: 156.5 | F89: 148.7 | G89: =IFERROR(AVERAGE(E89:F89),"NA") -> 152.6 | H89: =IFERROR(IF(G88=0,"",(G89-G88)/G88*100),"NA") -> 0.06557377 | I89: =IFERROR(IF(G77=0,"",(G89-G77)/G77*100),"NA") -> 2.4161074
A90: Rural+Urban | B90: 2020 | C90: November | D90: =DATE(B90,MONTH(1&C90),1) -> 44136 | E90: 158 | F90: 149.2 | G90: =IFERROR(AVERAGE(E90:F90),"NA") -> 153.6 | H90: =IFERROR(IF(G89=0,"",(G90-G89)/G89*100),"NA") -> 0.65530799 | I90: =IFERROR(IF(G78=0,"",(G90-G78)/G78*100),"NA") -> 2.811245
A91: Rural+Urban | B91: 2020 | C91: December | D91: =DATE(B91,MONTH(1&C91),1) -> 44166 | E91: 158.4 | F91: 149.7 | G91: =IFERROR(AVERAGE(E91:F91),"NA") -> 154.05 | H91: =IFERROR(IF(G90=0,"",(G91-G90)/G90*100),"NA") -> 0.29296875 | I91: =IFERROR(IF(G79=0,"",(G91-G79)/G79*100),"NA") -> 3.1815137
A92: Rural+Urban | B92: 2021 | C92: January | D92: =DATE(B92,MONTH(1&C92),1) -> 44197 | E92: 157.7 | F92: 150 | G92: =IFERROR(AVERAGE(E92:F92),"NA") -> 153.85 | H92: =IFERROR(IF(G91=0,"",(G92-G91)/G91*100),"NA") -> -0.12982798 | I92: =IFERROR(IF(G80=0,"",(G92-G80)/G80*100),"NA") -> 2.5324892
A93: Rural+Urban | B93: 2021 | C93: February | D93: =DATE(B93,MONTH(1&C93),1) -> 44228 | E93: 159.8 | F93: 150.9 | G93: =IFERROR(AVERAGE(E93:F93),"NA") -> 155.35 | H93: =IFERROR(IF(G92=0,"",(G93-G92)/G92*100),"NA") -> 0.97497563 | I93: =IFERROR(IF(G81=0,"",(G93-G81)/G81*100),"NA") -> 3.1540505
A94: Rural+Urban | B94: 2021 | C94: March | D94: =DATE(B94,MONTH(1&C94),1) -> 44256 | E94: 159.9 | F94: 151.2 | G94: =IFERROR(AVERAGE(E94:F94),"NA") -> 155.55 | H94: =IFERROR(IF(G93=0,"",(G94-G93)/G93*100),"NA") -> 0.12874155 | I94: =IFERROR(IF(G82=0,"",(G94-G82)/G82*100),"NA") -> 3.3898305
A95: Rural+Urban | B95: 2021 | C95: April | D95: =DATE(B95,MONTH(1&C95),1) -> 44287 | E95: 161.4 | F95: 151.8 | G95: =IFERROR(AVERAGE(E95:F95),"NA") -> 156.6 | H95: =IFERROR(IF(G94=0,"",(G95-G94)/G94*100),"NA") -> 0.67502411 | I95: =IFERROR(IF(G83=0,"",(G95-G83)/G83*100),"NA") -> 0.64267352
A96: Rural+Urban | B96: 2021 | C96: May | D96: =DATE(B96,MONTH(1&C96),1) -> 44317 | E96: 161.6 | F96: 154.7 | G96: =IFERROR(AVERAGE(E96:F96),"NA") -> 158.15 | H96: =IFERROR(IF(G95=0,"",(G96-G95)/G95*100),"NA") -> 0.98978289 | I96: =IFERROR(IF(G84=0,"",(G96-G84)/G84*100),"NA") -> 13.572711
... A103: Rural+Urban | B103: 2021 | C103: December | D103: =DATE(B103,MONTH(1&C103),1) -> 44531 | E103: 163.4 | F103: 160.2 | G103: =IFERROR(AVERAGE(E103:F103),"NA") -> 161.8 | H103: =IFERROR(IF(G102=0,"",(G103-G102)/G102*100),"NA") -> 0.030911901 | I103: =IFERROR(IF(G91=0,"",(G103-G91)/G91*100),"NA") -> 5.0308341
A106: Health
A107: Sector | B107: Year | C107: Month | D107: Date | E107: Health Index | F107: MoM Inflation | G107: YoY Inflation
A108: Rural+Urban | B108: 2018 | C108: January | D108: =DATE(B108,MONTH(1&C108),1) -> 43101 | E108: 133.3 | I108: Health
A109: Rural+Urban | B109: 2018 | C109: February | D109: =DATE(B109,MONTH(1&C109),1) -> 43132 | E109: 133.8 | F109: =IFERROR((E109-E108)/E108*100,"NA") -> 0.37509377 | I109: Period | J109: YoY (%) | K109: MoM (%) | L109: /\YoY (%) | M109: /\MoM (%)
A110: Rural+Urban | B110: 2018 | C110: March | D110: =DATE(B110,MONTH(1&C110),1) -> 43160 | E110: 134.3 | F110: =IFERROR((E110-E109)/E109*100,"NA") -> 0.37369208 | I110: March,2019 - Feb,2020 | J110: =AVERAGEIFS(G108:G154,$D$108:$D$154,">=2019-03-01",$D$108:$D$154,"<=2020-02-01") -> 7.2056466 | K110: =AVERAGEIFS(F108:F154,$D$108:$D$154,">=2019-03-01",$D$108:$D$154,"<=2020-02-01") -> 0.37383013 | L110: =J111-J110 -> -2.3304692 | M110: =K111-K110 -> -0.015253896
A111: Rural+Urban | B111: 2018 | C111: April | D111: =DATE(B111,MONTH(1&C111),1) -> 43191 | E111: 135.2 | F111: =IFERROR((E111-E110)/E110*100,"NA") -> 0.67014147 | I111: April,2020 - March,2021 | J111: =AVERAGEIFS(G108:G154,$D$108:$D$154,">=2020-04-01",$D$108:$D$154,"<=2021-03-01") -> 4.8751774 | K111: =AVERAGEIFS(F108:F154,$D$108:$D$154,">=2020-04-01",$D$108:$D$154,"<=2021-03-01") -> 0.35857623
A112: Rural+Urban | B112: 2018 | C112: May | D112: =DATE(B112,MONTH(1&C112),1) -> 43221 | E112: 136 | F112: =IFERROR((E112-E111)/E111*100,"NA") -> 0.59171598
A113: Rural+Urban | B113: 2018 | C113: June | D113: =DATE(B113,MONTH(1&C113),1) -> 43252 | E113: 136.2 | F113: =IFERROR((E113-E112)/E112*100,"NA") -> 0.14705882
A114: Rural+Urban | B114: 2018 | C114: July | D114: =DATE(B114,MONTH(1&C114),1) -> 43282 | E114: 137 | F114: =IFERROR((E114-E113)/E113*100,"NA") -> 0.58737151
A115: Rural+Urban | B115: 2018 | C115: August | D115: =DATE(B115,MONTH(1&C115),1) -> 43313 | E115: 137.7 | F115: =IFERROR((E115-E114)/E114*100,"NA") -> 0.51094891
A116: Rural+Urban | B116: 2018 | C116: September | D116: =DATE(B116,MONTH(1&C116),1) -> 43344 | E116: 138.4 | F116: =IFERROR((E116-E115)/E115*100,"NA") -> 0.50835149
A117: Rural+Urban | B117: 2018 | C117: October | D117: =DATE(B117,MONTH(1&C117),1) -> 43374 | E117: 142.1 | F117: =IFERROR((E117-E116)/E116*100,"NA") -> 2.6734104
A118: Rural+Urban | B118: 2018 | C118: November | D118: =DATE(B118,MONTH(1&C118),1) -> 43405 | E118: 142.1 | F118: =IFERROR((E118-E117)/E117*100,"NA") -> 0
...

Sheet Q4 Data
A1: Sector | B1: Year | C1: Month | D1: Date | E1: Cereals and products | F1: Meat and fish | G1: Egg | H1: Milk and products | I1: Oils and fats | J1: Fruits | K1: Vegetables | L1: Pulses and products | M1: Sugar and Confectionery | N1: Spices | O1: Clothing | P1: Footwear | Q1: Housing | R1: Household goods and services | S1: Health | T1: Transport and communication | U1: Education
A2: Rural | B2: 2013 | C2: January | D2: =DATE(B2,MONTH(1&C2),1) -> 41275 | E2: 107.5 | F2: 106.3 | G2: 108.1 | H2: 104.9 | I2: 106.1 | J2: 103.9 | K2: 101.9 | L2: 106.1 | M2: 106.8 | N2: 103.1 | O2: 106.5 | P2: 105.8 | Q2: 139.25 | R2: 104.8 | S2: 104 | T2: 103.3 | U2: 103.8
A3: Urban | B3: 2013 | C3: January | D3: =DATE(B3,MONTH(1&C3),1) -> 41275 | E3: 110.5 | F3: 109.1 | G3: 113 | H3: 103.6 | I3: 103.4 | J3: 102.3 | K3: 102.9 | L3: 105.8 | M3: 105.1 | N3: 101.8 | O3: 105.9 | P3: 105 | Q3: 100.3 | R3: 104.8 | S3: 104.1 | T3: 103.2 | U3: 103.5
A4: Rural+Urban | B4: 2013 | C4: January | D4: =DATE(B4,MONTH(1&C4),1) -> 41275 | E4: 108.4 | F4: 107.3 | G4: 110 | H4: 104.4 | I4: 105.1 | J4: 103.2 | K4: 102.2 | L4: 106 | M4: 106.2 | N4: 102.7 | O4: 106.3 | P4: 105.5 | Q4: 100.3 | R4: 104.8 | S4: 104 | T4: 103.2 | U4: 103.6
A5: Rural | B5: 2013 | C5: February | D5: =DATE(B5,MONTH(1&C5),1) -> 41306 | E5: 109.2 | F5: 108.7 | G5: 110.2 | H5: 105.4 | I5: 106.7 | J5: 104 | K5: 102.4 | L5: 105.9 | M5: 105.7 | N5: 103.1 | O5: 107.1 | P5: 106.3 | Q5: 139.25 | R5: 105.2 | S5: 104.4 | T5: 103.9 | U5: 104.1
A6: Urban | B6: 2013 | C6: February | D6: =DATE(B6,MONTH(1&C6),1) -> 41306 | E6: 112.9 | F6: 112.9 | G6: 116.9 | H6: 104 | I6: 103.5 | J6: 103.1 | K6: 104.9 | L6: 104.1 | M6: 103.8 | N6: 102.3 | O6: 106.6 | P6: 105.5 | Q6: 100.4 | R6: 105.2 | S6: 104.7 | T6: 104.4 | U6: 103.7
A7: Rural+Urban | B7: 2013 | C7: February | D7: =DATE(B7,MONTH(1&C7),1) -> 41306 | E7: 110.4 | F7: 110.2 | G7: 112.8 | H7: 104.9 | I7: 105.5 | J7: 103.6 | K7: 103.2 | L7: 105.3 | M7: 105.1 | N7: 102.8 | O7: 106.9 | P7: 106 | Q7: 100.4 | R7: 105.2 | S7: 104.5 | T7: 104.2 | U7: 103.9
A8: Rural | B8: 2013 | C8: March | D8: =DATE(B8,MONTH(1&C8),1) -> 41334 | E8: 110.2 | F8: 108.8 | G8: 109.9 | H8: 105.6 | I8: 106.2 | J8: 105.7 | K8: 101.4 | L8: 105.7 | M8: 105 | N8: 103.3 | O8: 107.6 | P8: 106.8 | Q8: 139.25 | R8: 105.6 | S8: 104.7 | T8: 104.6 | U8: 104.3
A9: Urban | B9: 2013 | C9: March | D9: =DATE(B9,MONTH(1&C9),1) -> 41334 | E9: 113.9 | F9: 111.4 | G9: 113.2 | H9: 104.3 | I9: 102.7 | J9: 104.9 | K9: 103.8 | L9: 103.5 | M9: 102.6 | N9: 102.4 | O9: 107.2 | P9: 106 | Q9: 100.4 | R9: 105.7 | S9: 105.2 | T9: 105.5 | U9: 103.8
A10: Rural+Urban | B10: 2013 | C10: March | D10: =DATE(B10,MONTH(1&C10),1) -> 41334 | E10: 111.4 | F10: 109.7 | G10: 111.2 | H10: 105.1 | I10: 104.9 | J10: 105.3 | K10: 102.2 | L10: 105 | M10: 104.2 | N10: 103 | O10: 107.4 | P10: 106.5 | Q10: 100.4 | R10: 105.6 | S10: 104.9 | T10: 105.1 | U10: 104
A11: Rural | B11: 2013 | C11: April | D11: =DATE(B11,MONTH(1&C11),1) -> 41365 | E11: 110.2 | F11: 109.5 | G11: 106.9 | H11: 106.3 | I11: 105.7 | J11: 108.3 | K11: 103.4 | L11: 105.7 | M11: 104.2 | N11: 103.2 | O11: 108.1 | P11: 107.4 | Q11: 139.25 | R11: 106.1 | S11: 105.1 | T11: 104.4 | U11: 104.8
A12: Urban | B12: 2013 | C12: April | D12: =DATE(B12,MONTH(1&C12),1) -> 41365 | E12: 114.6 | F12: 113.4 | G12: 106 | H12: 104.7 | I12: 102.1 | J12: 109.5 | K12: 109.7 | L12: 104.6 | M12: 102 | N12: 103.5 | O12: 107.9 | P12: 106.4 | Q12: 100.5 | R12: 106.5 | S12: 105.7 | T12: 105 | U12: 105.2
A13: Rural+Urban | B13: 2013 | C13: April | D13: =DATE(B13,MONTH(1&C13),1) -> 41365 | E13: 111.6 | F13: 110.9 | G13: 106.6 | H13: 105.7 | I13: 104.4 | J13: 108.9 | K13: 105.5 | L13: 105.3 | M13: 103.5 | N13: 103.3 | O13: 108 | P13: 107 | Q13: 100.5 | R13: 106.3 | S13: 105.3 | T13: 104.7 | U13: 105
... A259: Rural+Urban | B259: 2020 | C259: March | D259: =DATE(B259,MONTH(1&C259),1) -> 43891 | E259: 145.1 | F259: 167 | G259: 148.1 | H259: 151.5 | I259: 131.2 | J259: 142.5 | K259: 157.3 | L259: 141.1 | M259: 113.2 | N259: 153.2 | O259: 151.2 | P259: 141.9 | Q259: 154.5 | R259: 146.4 | S259: 152.3 | T259: 129.9 | U259: 156.1
A260: Rural | B260: 2020 | C260: April | D260: =DATE(B260,MONTH(1&C260),1) -> 43922 | E260: 147.2 | F260: NA | G260: 146.9 | H260: 155.6 | I260: 137.1 | J260: 147.3 | K260: 162.7 | L260: 150.2 | M260: 119.8 | N260: 158.7 | O260: NA | P260: NA | Q260: 139.25 | R260: NA | S260: 154.3 | T260: NA | U260: NA
A261: Urban | B261: 2020 | C261: April | D261: =DATE(B261,MONTH(1&C261),1) -> 43922 | E261: 151.8 | F261: NA | G261: 151.9 | H261: 155.5 | I261: 131.6 | J261: 152.9 | K261: 180 | L261: 150.8 | M261: 121.2 | N261: 154 | O261: NA | P261: NA | Q261: 155.6 | R261: NA | S261: 144.8 | T261: NA | U261: NA
A262: Rural+Urban | B262: 2020 | C262: April | D262: =DATE(B262,MONTH(1&C262),1) -> 43922 | E262: 148.7 | F262: NA | G262: 148.8 | H262: 155.6 | I262: 135.1 | J262: 149.9 | K262: 168.6 | L262: 150.4 | M262: 120.3 | N262: 157.1 | O262: NA | P262: NA | Q262: 155.6 | R262: NA | S262: 150.7 | T262: NA | U262: NA
A263: Rural | B263: 2020 | C263: May | D263: =DATE(B263,MONTH(1&C263),1) -> 43952 | E263: NA | F263: NA | G263: NA | H263: NA | I263: NA | J263: NA | K263: NA | L263: NA | M263: NA | N263: NA | O263: NA | P263: NA | Q263: 139.25 | R263: NA | S263: NA | T263: NA | U263: NA
A264: Urban | B264: 2020 | C264: May | D264: =DATE(B264,MONTH(1&C264),1) -> 43952 | E264: NA | F264: NA | G264: NA | H264: NA | I264: NA | J264: NA | K264: NA | L264: NA | M264: NA | N264: NA | O264: NA | P264: NA | Q264: 139.25 | R264: NA | S264: NA | T264: NA | U264: NA
A265: Rural+Urban | B265: 2020 | C265: May | D265: =DATE(B265,MONTH(1&C265),1) -> 43952 | E265: NA | F265: NA | G265: NA | H265: NA | I265: NA | J265: NA | K265: NA | L265: NA | M265: NA | N265: NA | O265: NA | P265: NA | Q265: 139.25 | R265: NA | S265: NA | T265: NA | U265: NA
A266: Rural | B266: 2020 | C266: June | D266: =DATE(B266,MONTH(1&C266),1) -> 43983 | E266: 148.2 | F266: 190.3 | G266: 149.4 | H266: 153.3 | I266: 138.2 | J266: 143.2 | K266: 148.9 | L266: 150.3 | M266: 113.2 | N266: 159.8 | O266: 154.7 | P266: 150 | Q266: 139.25 | R266: 151.7 | S266: 158.2 | T266: 141.4 | U266: 161.8
A267: Urban | B267: 2020 | C267: June | D267: =DATE(B267,MONTH(1&C267),1) -> 43983 | E267: 152.7 | F267: 197 | G267: 154.6 | H267: 153.4 | I267: 132.9 | J267: 151.8 | K267: 171.2 | L267: 152 | M267: 116.3 | N267: 158.8 | O267: 149.1 | P267: 136.6 | Q267: 154.7 | R267: 140.4 | S267: 148.1 | T267: 129.3 | U267: 152.5
A268: Rural+Urban | B268: 2020 | C268: June | D268: =DATE(B268,MONTH(1&C268),1) -> 43983 | E268: 149.6 | F268: 192.7 | G268: 151.4 | H268: 153.3 | I268: 136.3 | J268: 147.2 | K268: 156.5 | L268: 150.9 | M268: 114.2 | N268: 159.5 | O268: 152.5 | P268: 144.4 | Q268: 154.7 | R268: 146.4 | S268: 154.4 | T268: 135 | U268: 156.4
A269: Rural | B269: 2020 | C269: July | D269: =DATE(B269,MONTH(1&C269),1) -> 44013 | E269: 148.2 | F269: 190.3 | G269: 149.4 | H269: 153.3 | I269: 138.2 | J269: 143.2 | K269: 148.9 | L269: 150.3 | M269: 113.2 | N269: 159.8 | O269: 154.7 | P269: 150 | Q269: 139.25 | R269: 151.7 | S269: 158.2 | T269: 141.4 | U269: 161.8
A270: Urban | B270: 2020 | C270: July | D270: =DATE(B270,MONTH(1&C270),1) -> 44013 | E270: 152.7 | F270: 197 | G270: 154.6 | H270: 153.4 | I270: 132.9 | J270: 151.8 | K270: 171.2 | L270: 152 | M270: 116.3 | N270: 158.8 | O270: 149.1 | P270: 136.6 | Q270: 154.7 | R270: 140.4 | S270: 148.1 | T270: 129.3 | U270: 152.5
A271: Rural+Urban | B271: 2020 | C271: July | D271: =DATE(B271,MONTH(1&C271),1) -> 44013 | E271: 149.6 | F271: 192.7 | G271: 151.4 | H271: 153.3 | I271: 136.3 | J271: 147.2 | K271: 156.5 | L271: 150.9 | M271: 114.2 | N271: 159.5 | O271: 152.5 | P271: 144.4 | Q271: 154.7 | R271: 146.4 | S271: 154.4 | T271: 135 | U271: 156.4
A272: Rural | B272: 2020 | C272: August | D272: =DATE(B272,MONTH(1&C272),1) -> 44044 | E272: 147.6 | F272: 187.2 | G272: 148.4 | H272: 153.3 | I272: 139.8 | J272: 146.9 | K272: 171 | L272: 149.9 | M272: 114.2 | N272: 160 | O272: 155.1 | P272: 149.3 | Q272: 139.25 | R272: 151.9 | S272: 158.8 | T272: 143.6 | U272: 162.7
A273: Urban | B273: 2020 | C273: August | D273: =DATE(B273,MONTH(1&C273),1) -> 44044 | E273: 151.6 | F273: 197.8 | G273: 154.5 | H273: 153.4 | I273: 133.4 | J273: 154.5 | K273: 191.9 | L273: 151.3 | M273: 116.8 | N273: 160 | O273: 150 | P273: 135.2 | Q273: 155.5 | R273: 144.5 | S273: 148.7 | T273: 133.9 | U273: 155.5
A274: Rural+Urban | B274: 2020 | C274: August | D274: =DATE(B274,MONTH(1&C274),1) -> 44044 | E274: 148.9 | F274: 190.9 | G274: 150.8 | H274: 153.3 | I274: 137.4 | J274: 150.4 | K274: 178.1 | L274: 150.4 | M274: 115.1 | N274: 160 | O274: 153.1 | P274: 143.4 | Q274: 155.5 | R274: 148.4 | S274: 155 | T274: 138.5 | U274: 158.5
A275: Rural | B275: 2020 | C275: September | D275: =DATE(B275,MONTH(1&C275),1) -> 44075 | E275: 146.9 | F275: 183.9 | G275: 149.5 | H275: 153.4 | I275: 140.4 | J275: 147 | K275: 178.8 | L275: 149.3 | M275: 115.1 | N275: 160 | O275: 155.4 | P275: 149.9 | Q275: 139.25 | R275: 151.6 | S275: 159.1 | T275: 144.6 | U275: 161.1
A276: Urban | B276: 2020 | C276: September | D276: =DATE(B276,MONTH(1&C276),1) -> 44075 | E276: 151.5 | F276: 193.1 | G276: 157.3 | H276: 153.9 | I276: 134.4 | J276: 155.4 | K276: 202 | L276: 150.8 | M276: 118.9 | N276: 160.9 | O276: 150.2 | P276: 136.3 | Q276: 156.3 | R276: 145.4 | S276: 150 | T276: 135.1 | U276: 154.9
A277: Rural+Urban | B277: 2020 | C277: September | D277: =DATE(B277,MONTH(1&C277),1) -> 44075 | E277: 148.4 | F277: 187.1 | G277: 152.5 | H277: 153.6 | I277: 138.2 | J277: 150.9 | K277: 186.7 | L277: 149.8 | M277: 116.4 | N277: 160.3 | O277: 153.4 | P277: 144.3 | Q277: 156.3 | R277: 148.7 | S277: 155.6 | T277: 139.6 | U277: 157.5
... A373: Rural+Urban | B373: 2023 | C373: May | D373: =DATE(B373,MONTH(1&C373),1) -> 45047 | E373: 173.7 | F373: 214.3 | G373: 173.2 | H373: 179.5 | I373: 170 | J373: 172.2 | K373: 161 | L373: 175.6 | M373: 122.7 | N373: 218 | O373: 187.3 | P373: 179.7 | Q373: 175.6 | R373: 175.2 | S373: 185.7 | T373: 164.8 | U373: 177.1

Sheet Q5 MoM Inflation (%)
A1: Sector | B1: Year | C1: Month | D1: Date | E1: Crude Oil | F1: Fuel | G1: Transport | H1: Cereals and products | I1: Meat and fish | J1: Egg | K1: Milk and products | L1: Oils and fats | M1: Fruits | N1: Vegetables | O1: Pulses and products | P1: Sugar and Confectionery | Q1: Spices | R1: Non-alcoholic beverages | S1: Prepared meals, snacks, sweets etc. | T1: Food and beverages | U1: Clothing | V1: Footwear | W1: Clothing and footwear | X1: Housing | Y1: Household goods and services | Z1: Health | AA1: Personal care and effects | AB1: Recreation and amusement | AC1: Education | AD1: Pan, tobacco and intoxicants | AE1: Miscellaneous
A2: Rural+Urban | B2: 2021 | C2: January | D2: 44197 | E2: 8.57 | F2: =IFERROR(('Q5 Actual'!W4-'Q5 Actual'!W3)/'Q5 Actual'!W3*100,"NA") -> 2.2821577 | G2: =IFERROR(('Q5 Actual'!Z4-'Q5 Actual'!Z3)/'Q5 Actual'!Z3*100,"NA") -> 0.85287846 | H2: =IFERROR(('Q5 Actual'!E4-'Q5 Actual'!E3)/'Q5 Actual'!E3*100,"NA") -> -0.75342466 | I2: =IFERROR(('Q5 Actual'!F4-'Q5 Actual'!F3)/'Q5 Actual'!F3*100,"NA") -> -0.47120419 | J2: =IFERROR(('Q5 Actual'!G4-'Q5 Actual'!G3)/'Q5 Actual'!G3*100,"NA") -> 0 | K2: =IFERROR(('Q5 Actual'!H4-'Q5 Actual'!H3)/'Q5 Actual'!H3*100,"NA") -> 0 | L2: =IFERROR(('Q5 Actual'!I4-'Q5 Actual'!I3)/'Q5 Actual'!I3*100,"NA") -> 2.9331514 | M2: =IFERROR(('Q5 Actual'!J4-'Q5 Actual'!J3)/'Q5 Actual'!J3*100,"NA") -> 1.2863913 | N2: =IFERROR(('Q5 Actual'!K4-'Q5 Actual'!K3)/'Q5 Actual'!K3*100,"NA") -> -15.748373 | O2: =IFERROR(('Q5 Actual'!L4-'Q5 Actual'!L3)/'Q5 Actual'!L3*100,"NA") -> 0.12484395 | ... Y2: =IFERROR(('Q5 Actual'!V4-'Q5 Actual'!V3)/'Q5 Actual'!V3*100,"NA") -> 0.2004008 | Z2: =IFERROR(('Q5 Actual'!X4-'Q5 Actual'!X3)/'Q5 Actual'!X3*100,"NA") -> 0.63171194 | AA2: =IFERROR(('Q5 Actual'!Y4-'Q5 Actual'!Y3)/'Q5 Actual'!Y3*100,"NA") -> -0.19096117 | AB2: =IFERROR(('Q5 Actual'!AA4-'Q5 Actual'!AA3)/'Q5 Actual'!AA3*100,"NA") -> 0.74074074 | AC2: =IFERROR(('Q5 Actual'!AB4-'Q5 Actual'!AB3)/'Q5 Actual'!AB3*100,"NA") -> -0.12547051 | AD2: =IFERROR(('Q5 Actual'!AC4-'Q5 Actual'!AC3)/'Q5 Actual'!AC3*100,"NA") -> 0.59331176 | AE2: =IFERROR(('Q5 Actual'!AD4-'Q5 Actual'!AD3)/'Q5 Actual'!AD3*100,"NA") -> 0.46296296
A3: Rural+Urban | B3: 2021 | C3: February | D3: 44228 | E3: 13.05 | F3: =IFERROR(('Q5 Actual'!W5-'Q5 Actual'!W4)/'Q5 Actual'!W4*100,"NA") -> 3.0425963 | G3: =IFERROR(('Q5 Actual'!Z5-'Q5 Actual'!Z4)/'Q5 Actual'!Z4*100,"NA") -> 2.2551092 | H3: =IFERROR(('Q5 Actual'!E5-'Q5 Actual'!E4)/'Q5 Actual'!E4*100,"NA") -> -0.41407867 | I3: =IFERROR(('Q5 Actual'!F5-'Q5 Actual'!F4)/'Q5 Actual'!F4*100,"NA") -> -1.8937401 | J3: =IFERROR(('Q5 Actual'!G5-'Q5 Actual'!G4)/'Q5 Actual'!G4*100,"NA") -> -3.7649743 | K3: =IFERROR(('Q5 Actual'!H5-'Q5 Actual'!H4)/'Q5 Actual'!H4*100,"NA") -> 0.38935756 | L3: =IFERROR(('Q5 Actual'!I5-'Q5 Actual'!I4)/'Q5 Actual'!I4*100,"NA") -> 5.1689861 | M3: =IFERROR(('Q5 Actual'!J5-'Q5 Actual'!J4)/'Q5 Actual'!J4*100,"NA") -> 0.73529412 | N3: =IFERROR(('Q5 Actual'!K5-'Q5 Actual'!K4)/'Q5 Actual'!K4*100,"NA") -> -17.610711 | O3: =IFERROR(('Q5 Actual'!L5-'Q5 Actual'!L4)/'Q5 Actual'!L4*100,"NA") -> -0.99750623 | ... Y3: =IFERROR(('Q5 Actual'!V5-'Q5 Actual'!V4)/'Q5 Actual'!V4*100,"NA") -> 0.6 | Z3: =IFERROR(('Q5 Actual'!X5-'Q5 Actual'!X4)/'Q5 Actual'!X4*100,"NA") -> 1.2554928 | AA3: =IFERROR(('Q5 Actual'!Y5-'Q5 Actual'!Y4)/'Q5 Actual'!Y4*100,"NA") -> -0.6377551 | AB3: =IFERROR(('Q5 Actual'!AA5-'Q5 Actual'!AA4)/'Q5 Actual'!AA4*100,"NA") -> 1.2700535 | AC3: =IFERROR(('Q5 Actual'!AB5-'Q5 Actual'!AB4)/'Q5 Actual'!AB4*100,"NA") -> 0.18844221 | AD3: =IFERROR(('Q5 Actual'!AC5-'Q5 Actual'!AC4)/'Q5 Actual'!AC4*100,"NA") -> 0.96514745 | AE3: =IFERROR(('Q5 Actual'!AD5-'Q5 Actual'!AD4)/'Q5 Actual'!AD4*100,"NA") -> 0.98749177
A4: Rural+Urban | B4: 2021 | C4: March | D4: 44256 | E4: 5.25 | F4: =IFERROR(('Q5 Actual'!W6-'Q5 Actual'!W5)/'Q5 Actual'!W5*100,"NA") -> 2.0341207 | G4: =IFERROR(('Q5 Actual'!Z6-'Q5 Actual'!Z5)/'Q5 Actual'!Z5*100,"NA") -> 0.75809786 | H4: =IFERROR(('Q5 Actual'!E6-'Q5 Actual'!E5)/'Q5 Actual'!E5*100,"NA") -> -0.13860014 | I4: =IFERROR(('Q5 Actual'!F6-'Q5 Actual'!F5)/'Q5 Actual'!F5*100,"NA") -> 3.0563003 | J4: =IFERROR(('Q5 Actual'!G6-'Q5 Actual'!G5)/'Q5 Actual'!G5*100,"NA") -> -2.9045643 | K4: =IFERROR(('Q5 Actual'!H6-'Q5 Actual'!H5)/'Q5 Actual'!H5*100,"NA") -> 0.12928248 | L4: =IFERROR(('Q5 Actual'!I6-'Q5 Actual'!I5)/'Q5 Actual'!I5*100,"NA") -> 3.2766226 | M4: =IFERROR(('Q5 Actual'!J6-'Q5 Actual'!J5)/'Q5 Actual'!J5*100,"NA") -> 1.99071 | N4: =IFERROR(('Q5 Actual'!K6-'Q5 Actual'!K5)/'Q5 Actual'!K5*100,"NA") -> -6.5625 | O4: =IFERROR(('Q5 Actual'!L6-'Q5 Actual'!L5)/'Q5 Actual'!L5*100,"NA") -> 0.62972292 | ... Y4: =IFERROR(('Q5 Actual'!V6-'Q5 Actual'!V5)/'Q5 Actual'!V5*100,"NA") -> 0.19880716 | Z4: =IFERROR(('Q5 Actual'!X6-'Q5 Actual'!X5)/'Q5 Actual'!X5*100,"NA") -> 0.24798512 | AA4: =IFERROR(('Q5 Actual'!Y6-'Q5 Actual'!Y5)/'Q5 Actual'!Y5*100,"NA") -> -1.283697 | AB4: =IFERROR(('Q5 Actual'!AA6-'Q5 Actual'!AA5)/'Q5 Actual'!AA5*100,"NA") -> 0.72607261 | AC4: =IFERROR(('Q5 Actual'!AB6-'Q5 Actual'!AB5)/'Q5 Actual'!AB5*100,"NA") -> 0.43887147 | AD4: =IFERROR(('Q5 Actual'!AC6-'Q5 Actual'!AC5)/'Q5 Actual'!AC5*100,"NA") -> -0.10621349 | AE4: =IFERROR(('Q5 Actual'!AD6-'Q5 Actual'!AD5)/'Q5 Actual'!AD5*100,"NA") -> 0.26075619
A5: Rural+Urban | B5: 2021 | C5: April | D5: 44287 | E5: 1.57 | F5: =IFERROR(('Q5 Actual'!W7-'Q5 Actual'!W6)/'Q5 Actual'!W6*100,"NA") -> 0.064308682 | G5: =IFERROR(('Q5 Actual'!Z7-'Q5 Actual'!Z6)/'Q5 Actual'!Z6*100,"NA") -> 0.27359781 | H5: =IFERROR(('Q5 Actual'!E7-'Q5 Actual'!E6)/'Q5 Actual'!E6*100,"NA") -> 0.13879251 | I5: =IFERROR(('Q5 Actual'!F7-'Q5 Actual'!F6)/'Q5 Actual'!F6*100,"NA") -> 3.0176899 | J5: =IFERROR(('Q5 Actual'!G7-'Q5 Actual'!G6)/'Q5 Actual'!G6*100,"NA") -> 0.48840049 | K5: =IFERROR(('Q5 Actual'!H7-'Q5 Actual'!H6)/'Q5 Actual'!H6*100,"NA") -> 0.3227889 | L5: =IFERROR(('Q5 Actual'!I7-'Q5 Actual'!I6)/'Q5 Actual'!I6*100,"NA") -> 3.7827944 | M5: =IFERROR(('Q5 Actual'!J7-'Q5 Actual'!J6)/'Q5 Actual'!J6*100,"NA") -> 6.9616135 | N5: =IFERROR(('Q5 Actual'!K7-'Q5 Actual'!K6)/'Q5 Actual'!K6*100,"NA") -> -3.6120401 | O5: =IFERROR(('Q5 Actual'!L7-'Q5 Actual'!L6)/'Q5 Actual'!L6*100,"NA") -> 1.1889862 | ... Y5: =IFERROR(('Q5 Actual'!V7-'Q5 Actual'!V6)/'Q5 Actual'!V6*100,"NA") -> 0.3968254 | Z5: =IFERROR(('Q5 Actual'!X7-'Q5 Actual'!X6)/'Q5 Actual'!X6*100,"NA") -> 0.37105751 | AA5: =IFERROR(('Q5 Actual'!Y7-'Q5 Actual'!Y6)/'Q5 Actual'!Y6*100,"NA") -> 1.0403121 | AB5: =IFERROR(('Q5 Actual'!AA7-'Q5 Actual'!AA6)/'Q5 Actual'!AA6*100,"NA") -> 0.3931848 | AC5: =IFERROR(('Q5 Actual'!AB7-'Q5 Actual'!AB6)/'Q5 Actual'!AB6*100,"NA") -> 0.062421973 | AD5: =IFERROR(('Q5 Actual'!AC7-'Q5 Actual'!AC6)/'Q5 Actual'!AC6*100,"NA") -> 0.37214248 | AE5: =IFERROR(('Q5 Actual'!AD7-'Q5 Actual'!AD6)/'Q5 Actual'!AD6*100,"NA") -> 0.39011704
A6: Rural+Urban | B6: 2021 | C6: May | D6: 44317 | E6: 3.55 | F6: =IFERROR(('Q5 Actual'!W8-'Q5 Actual'!W7)/'Q5 Actual'!W7*100,"NA") -> 2.4421594 | G6: =IFERROR(('Q5 Actual'!Z8-'Q5 Actual'!Z7)/'Q5 Actual'!Z7*100,"NA") -> 1.568895 | H6: =IFERROR(('Q5 Actual'!E8-'Q5 Actual'!E7)/'Q5 Actual'!E7*100,"NA") -> 1.3860014 | I6: =IFERROR(('Q5 Actual'!F8-'Q5 Actual'!F7)/'Q5 Actual'!F7*100,"NA") -> 1.2626263 | J6: =IFERROR(('Q5 Actual'!G8-'Q5 Actual'!G7)/'Q5 Actual'!G7*100,"NA") -> 3.4629405 | K6: =IFERROR(('Q5 Actual'!H8-'Q5 Actual'!H7)/'Q5 Actual'!H7*100,"NA") -> 0.45045045 | L6: =IFERROR(('Q5 Actual'!I8-'Q5 Actual'!I7)/'Q5 Actual'!I7*100,"NA") -> 5.0558495 | M6: =IFERROR(('Q5 Actual'!J8-'Q5 Actual'!J7)/'Q5 Actual'!J7*100,"NA") -> 1.6423358 | N6: =IFERROR(('Q5 Actual'!K8-'Q5 Actual'!K7)/'Q5 Actual'!K7*100,"NA") -> 2.6370576 | O6: =IFERROR(('Q5 Actual'!L8-'Q5 Actual'!L7)/'Q5 Actual'!L7*100,"NA") -> 2.288188 | ... Y6: =IFERROR(('Q5 Actual'!V8-'Q5 Actual'!V7)/'Q5 Actual'!V7*100,"NA") -> 1.9104084 | Z6: =IFERROR(('Q5 Actual'!X8-'Q5 Actual'!X7)/'Q5 Actual'!X7*100,"NA") -> 2.1565003 | AA6: =IFERROR(('Q5 Actual'!Y8-'Q5 Actual'!Y7)/'Q5 Actual'!Y7*100,"NA") -> 2.0592021 | AB6: =IFERROR(('Q5 Actual'!AA8-'Q5 Actual'!AA7)/'Q5 Actual'!AA7*100,"NA") -> 1.6971279 | AC6: =IFERROR(('Q5 Actual'!AB8-'Q5 Actual'!AB7)/'Q5 Actual'!AB7*100,"NA") -> 0.56144729 | AD6: =IFERROR(('Q5 Actual'!AC8-'Q5 Actual'!AC7)/'Q5 Actual'!AC7*100,"NA") -> 1.6419492 | AE6: =IFERROR(('Q5 Actual'!AD8-'Q5 Actual'!AD7)/'Q5 Actual'!AD7*100,"NA") -> 1.5544041
A7: Rural+Urban | B7: 2021 | C7: June | D7: 44348 | E7: 7.69 | F7: =IFERROR(('Q5 Actual'!W9-'Q5 Actual'!W8)/'Q5 Actual'!W8*100,"NA") -> 0.25094103 | G7: =IFERROR(('Q5 Actual'!Z9-'Q5 Actual'!Z8)/'Q5 Actual'!Z8*100,"NA") -> 1.208865 | H7: =IFERROR(('Q5 Actual'!E9-'Q5 Actual'!E8)/'Q5 Actual'!E8*100,"NA") -> 0.2734108 | I7: =IFERROR(('Q5 Actual'!F9-'Q5 Actual'!F8)/'Q5 Actual'!F8*100,"NA") -> 0.74812968 | J7: =IFERROR(('Q5 Actual'!G9-'Q5 Actual'!G8)/'Q5 Actual'!G8*100,"NA") -> 6.1068702 | K7: =IFERROR(('Q5 Actual'!H9-'Q5 Actual'!H8)/'Q5 Actual'!H8*100,"NA") -> 0.064061499 | L7: =IFERROR(('Q5 Actual'!I9-'Q5 Actual'!I8)/'Q5 Actual'!I8*100,"NA") -> 2.7979855 | M7: =IFERROR(('Q5 Actual'!J9-'Q5 Actual'!J8)/'Q5 Actual'!J8*100,"NA") -> -1.4961101 | N7: =IFERROR(('Q5 Actual'!K9-'Q5 Actual'!K8)/'Q5 Actual'!K8*100,"NA") -> 5.0709939 | O7: =IFERROR(('Q5 Actual'!L9-'Q5 Actual'!L8)/'Q5 Actual'!L8*100,"NA") -> 0.36275695 | ... Y7: =IFERROR(('Q5 Actual'!V9-'Q5 Actual'!V8)/'Q5 Actual'!V8*100,"NA") -> 0.064641241 | Z7: =IFERROR(('Q5 Actual'!X9-'Q5 Actual'!X8)/'Q5 Actual'!X8*100,"NA") -> 0.30156815 | AA7: =IFERROR(('Q5 Actual'!Y9-'Q5 Actual'!Y8)/'Q5 Actual'!Y8*100,"NA") -> 0.1261034 | AB7: =IFERROR(('Q5 Actual'!AA9-'Q5 Actual'!AA8)/'Q5 Actual'!AA8*100,"NA") -> -0.57766367 | AC7: =IFERROR(('Q5 Actual'!AB9-'Q5 Actual'!AB8)/'Q5 Actual'!AB8*100,"NA") -> 0.3101737 | AD7: =IFERROR(('Q5 Actual'!AC9-'Q5 Actual'!AC8)/'Q5 Actual'!AC8*100,"NA") -> -0.57321522 | AE7: =IFERROR(('Q5 Actual'!AD9-'Q5 Actual'!AD8)/'Q5 Actual'!AD8*100,"NA") -> 0.51020408
A8: Rural+Urban | B8: 2021 | C8: July | D8: 44378 | E8: 3.14 | F8: =IFERROR(('Q5 Actual'!W10-'Q5 Actual'!W9)/'Q5 Actual'!W9*100,"NA") -> 0.56320401 | G8: =IFERROR(('Q5 Actual'!Z10-'Q5 Actual'!Z9)/'Q5 Actual'!Z9*100,"NA") -> 1.592568 | H8: =IFERROR(('Q5 Actual'!E10-'Q5 Actual'!E9)/'Q5 Actual'!E9*100,"NA") -> -0.20449898 | I8: =IFERROR(('Q5 Actual'!F10-'Q5 Actual'!F9)/'Q5 Actual'!F9*100,"NA") -> 2.3762376 | J8: =IFERROR(('Q5 Actual'!G10-'Q5 Actual'!G9)/'Q5 Actual'!G9*100,"NA") -> 0.83010515 | K8: =IFERROR(('Q5 Actual'!H10-'Q5 Actual'!H9)/'Q5 Actual'!H9*100,"NA") -> 0.83226633 | L8: =IFERROR(('Q5 Actual'!I10-'Q5 Actual'!I9)/'Q5 Actual'!I9*100,"NA") -> -0.8709853 | M8: =IFERROR(('Q5 Actual'!J10-'Q5 Actual'!J9)/'Q5 Actual'!J9*100,"NA") -> -0.42527339 | N8: =IFERROR(('Q5 Actual'!K10-'Q5 Actual'!K9)/'Q5 Actual'!K9*100,"NA") -> 5.6628057 | O8: =IFERROR(('Q5 Actual'!L10-'Q5 Actual'!L9)/'Q5 Actual'!L9*100,"NA") -> -1.2048193 | ... Y8: =IFERROR(('Q5 Actual'!V10-'Q5 Actual'!V9)/'Q5 Actual'!V9*100,"NA") -> 0.64599483 | Z8: =IFERROR(('Q5 Actual'!X10-'Q5 Actual'!X9)/'Q5 Actual'!X9*100,"NA") -> 0.42092604 | AA8: =IFERROR(('Q5 Actual'!Y10-'Q5 Actual'!Y9)/'Q5 Actual'!Y9*100,"NA") -> 0.8186398 | AB8: =IFERROR(('Q5 Actual'!AA10-'Q5 Actual'!AA9)/'Q5 Actual'!AA9*100,"NA") -> 0.25823112 | AC8: =IFERROR(('Q5 Actual'!AB10-'Q5 Actual'!AB9)/'Q5 Actual'!AB9*100,"NA") -> 0.92764378 | AD8: =IFERROR(('Q5 Actual'!AC10-'Q5 Actual'!AC9)/'Q5 Actual'!AC9*100,"NA") -> 0.20964361 | AE8: =IFERROR(('Q5 Actual'!AD10-'Q5 Actual'!AD9)/'Q5 Actual'!AD9*100,"NA") -> 0.88832487
A9: Rural+Urban | B9: 2021 | C9: August | D9: 44409 | E9: -6.31 | F9: =IFERROR(('Q5 Actual'!W11-'Q5 Actual'!W10)/'Q5 Actual'!W10*100,"NA") -> 0.68450529 | G9: =IFERROR(('Q5 Actual'!Z11-'Q5 Actual'!Z10)/'Q5 Actual'!Z10*100,"NA") -> -0.065316786 | H9: =IFERROR(('Q5 Actual'!E11-'Q5 Actual'!E10)/'Q5 Actual'!E10*100,"NA") -> 0.13661202 | I9: =IFERROR(('Q5 Actual'!F11-'Q5 Actual'!F10)/'Q5 Actual'!F10*100,"NA") -> -1.3539652 | J9: =IFERROR(('Q5 Actual'!G11-'Q5 Actual'!G10)/'Q5 Actual'!G10*100,"NA") -> -5.1591658 | K9: =IFERROR(('Q5 Actual'!H11-'Q5 Actual'!H10)/'Q5 Actual'!H10*100,"NA") -> 0.57142857 | L9: =IFERROR(('Q5 Actual'!I11-'Q5 Actual'!I10)/'Q5 Actual'!I10*100,"NA") -> 3.239978 | M9: =IFERROR(('Q5 Actual'!J11-'Q5 Actual'!J10)/'Q5 Actual'!J10*100,"NA") -> -4.3319097 | N9: =IFERROR(('Q5 Actual'!K11-'Q5 Actual'!K10)/'Q5 Actual'!K10*100,"NA") -> -1.2180268 | O9: =IFERROR(('Q5 Actual'!L11-'Q5 Actual'!L10)/'Q5 Actual'!L10*100,"NA") -> 0.06097561 | ... Y9: =IFERROR(('Q5 Actual'!V11-'Q5 Actual'!V10)/'Q5 Actual'!V10*100,"NA") -> 1.0911425 | Z9: =IFERROR(('Q5 Actual'!X11-'Q5 Actual'!X10)/'Q5 Actual'!X10*100,"NA") -> 0.83832335 | AA9: =IFERROR(('Q5 Actual'!Y11-'Q5 Actual'!Y10)/'Q5 Actual'!Y10*100,"NA") -> -0.062460962 | AB9: =IFERROR(('Q5 Actual'!AA11-'Q5 Actual'!AA10)/'Q5 Actual'!AA10*100,"NA") -> 1.4810045 | AC9: =IFERROR(('Q5 Actual'!AB11-'Q5 Actual'!AB10)/'Q5 Actual'!AB10*100,"NA") -> 0.36764706 | AD9: =IFERROR(('Q5 Actual'!AC11-'Q5 Actual'!AC10)/'Q5 Actual'!AC10*100,"NA") -> 0.4707113 | AE9: =IFERROR(('Q5 Actual'!AD11-'Q5 Actual'!AD10)/'Q5 Actual'!AD10*100,"NA") -> 0.62893082
A10: Rural+Urban | B10: 2021 | C10: September | D10: 44440 | E10: 5.73 | F10: =IFERROR(('Q5 Actual'!W12-'Q5 Actual'!W11)/'Q5 Actual'!W11*100,"NA") -> 0.49443758 | G10: =IFERROR(('Q5 Actual'!Z12-'Q5 Actual'!Z11)/'Q5 Actual'!Z11*100,"NA") -> 0.65359477 | H10: =IFERROR(('Q5 Actual'!E12-'Q5 Actual'!E11)/'Q5 Actual'!E11*100,"NA") -> 0 | I10: =IFERROR(('Q5 Actual'!F12-'Q5 Actual'!F11)/'Q5 Actual'!F11*100,"NA") -> 0 | J10: =IFERROR(('Q5 Actual'!G12-'Q5 Actual'!G11)/'Q5 Actual'!G11*100,"NA") -> 0 | K10: =IFERROR(('Q5 Actual'!H12-'Q5 Actual'!H11)/'Q5 Actual'!H11*100,"NA") -> 0 | L10: =IFERROR(('Q5 Actual'!I12-'Q5 Actual'!I11)/'Q5 Actual'!I11*100,"NA") -> 0 | M10: =IFERROR(('Q5 Actual'!J12-'Q5 Actual'!J11)/'Q5 Actual'!J11*100,"NA") -> -0.06377551 | N10: =IFERROR(('Q5 Actual'!K12-'Q5 Actual'!K11)/'Q5 Actual'!K11*100,"NA") -> 0.061652281 | O10: =IFERROR(('Q5 Actual'!L12-'Q5 Actual'!L11)/'Q5 Actual'!L11*100,"NA") -> 0 | ... Y10: =IFERROR(('Q5 Actual'!V12-'Q5 Actual'!V11)/'Q5 Actual'!V11*100,"NA") -> 0 | Z10: =IFERROR(('Q5 Actual'!X12-'Q5 Actual'!X11)/'Q5 Actual'!X11*100,"NA") -> 0 | AA10: =IFERROR(('Q5 Actual'!Y12-'Q5 Actual'!Y11)/'Q5 Actual'!Y11*100,"NA") -> 0 | AB10: =IFERROR(('Q5 Actual'!AA12-'Q5 Actual'!AA11)/'Q5 Actual'!AA11*100,"NA") -> 0.063451777 | AC10: =IFERROR(('Q5 Actual'!AB12-'Q5 Actual'!AB11)/'Q5 Actual'!AB11*100,"NA") -> -0.061050061 | AD10: =IFERROR(('Q5 Actual'!AC12-'Q5 Actual'!AC11)/'Q5 Actual'!AC11*100,"NA") -> 0 | AE10: =IFERROR(('Q5 Actual'!AD12-'Q5 Actual'!AD11)/'Q5 Actual'!AD11*100,"NA") -> 0
A11: Rural+Urban | B11: 2021 | C11: October | D11: 44470 | E11: 14.09 | F11: =IFERROR(('Q5 Actual'!W13-'Q5 Actual'!W12)/'Q5 Actual'!W12*100,"NA") -> 0.98400984 | G11: =IFERROR(('Q5 Actual'!Z13-'Q5 Actual'!Z12)/'Q5 Actual'!Z12*100,"NA") -> 1.1038961 | H11: =IFERROR(('Q5 Actual'!E13-'Q5 Actual'!E12)/'Q5 Actual'!E12*100,"NA") -> 0.54570259 | I11: =IFERROR(('Q5 Actual'!F13-'Q5 Actual'!F12)/'Q5 Actual'!F12*100,"NA") -> 0.29411765 | J11: =IFERROR(('Q5 Actual'!G13-'Q5 Actual'!G12)/'Q5 Actual'!G12*100,"NA") -> -0.92592593 | K11: =IFERROR(('Q5 Actual'!H13-'Q5 Actual'!H12)/'Q5 Actual'!H12*100,"NA") -> 0.18939394 | L11: =IFERROR(('Q5 Actual'!I13-'Q5 Actual'!I12)/'Q5 Actual'!I12*100,"NA") -> 1.3829787 | M11: =IFERROR(('Q5 Actual'!J13-'Q5 Actual'!J12)/'Q5 Actual'!J12*100,"NA") -> -0.63816209 | N11: =IFERROR(('Q5 Actual'!K13-'Q5 Actual'!K12)/'Q5 Actual'!K12*100,"NA") -> 14.171288 | O11: =IFERROR(('Q5 Actual'!L13-'Q5 Actual'!L12)/'Q5 Actual'!L12*100,"NA") -> 0.67032297 | ... Y11: =IFERROR(('Q5 Actual'!V13-'Q5 Actual'!V12)/'Q5 Actual'!V12*100,"NA") -> 0.57142857 | Z11: =IFERROR(('Q5 Actual'!X13-'Q5 Actual'!X12)/'Q5 Actual'!X12*100,"NA") -> 0.41567696 | AA11: =IFERROR(('Q5 Actual'!Y13-'Q5 Actual'!Y12)/'Q5 Actual'!Y12*100,"NA") -> 0.5 | AB11: =IFERROR(('Q5 Actual'!AA13-'Q5 Actual'!AA12)/'Q5 Actual'!AA12*100,"NA") -> 0.57070387 | AC11: =IFERROR(('Q5 Actual'!AB13-'Q5 Actual'!AB12)/'Q5 Actual'!AB12*100,"NA") -> 0.12217471 | AD11: =IFERROR(('Q5 Actual'!AC13-'Q5 Actual'!AC12)/'Q5 Actual'!AC12*100,"NA") -> 0.31233732 | AE11: =IFERROR(('Q5 Actual'!AD13-'Q5 Actual'!AD12)/'Q5 Actual'!AD12*100,"NA") -> 0.625
A12: Rural+Urban | B12: 2021 | C12: November | D12: 44501 | E12: -3.98 | F12: =IFERROR(('Q5 Actual'!W14-'Q5 Actual'!W13)/'Q5 Actual'!W13*100,"NA") -> -0.18270402 | G12: =IFERROR(('Q5 Actual'!Z14-'Q5 Actual'!Z13)/'Q5 Actual'!Z13*100,"NA") -> -0.57803468 | H12: =IFERROR(('Q5 Actual'!E14-'Q5 Actual'!E13)/'Q5 Actual'!E13*100,"NA") -> 0.54274084 | I12: =IFERROR(('Q5 Actual'!F14-'Q5 Actual'!F13)/'Q5 Actual'!F13*100,"NA") -> -1.4662757 | J12: =IFERROR(('Q5 Actual'!G14-'Q5 Actual'!G13)/'Q5 Actual'!G13*100,"NA") -> 1.0514019 | K12: =IFERROR(('Q5 Actual'!H14-'Q5 Actual'!H13)/'Q5 Actual'!H13*100,"NA") -> 0.37807183 | L12: =IFERROR(('Q5 Actual'!I14-'Q5 Actual'!I13)/'Q5 Actual'!I13*100,"NA") -> -0.26232949 | M12: =IFERROR(('Q5 Actual'!J14-'Q5 Actual'!J13)/'Q5 Actual'!J13*100,"NA") -> 0.51380861 | N12: =IFERROR(('Q5 Actual'!K14-'Q5 Actual'!K13)/'Q5 Actual'!K13*100,"NA") -> 7.5013492 | O12: =IFERROR(('Q5 Actual'!L14-'Q5 Actual'!L13)/'Q5 Actual'!L13*100,"NA") -> 0.060532688 | ... Y12: =IFERROR(('Q5 Actual'!V14-'Q5 Actual'!V13)/'Q5 Actual'!V13*100,"NA") -> 0.56818182 | Z12: =IFERROR(('Q5 Actual'!X14-'Q5 Actual'!X13)/'Q5 Actual'!X13*100,"NA") -> 0.47309284 | AA12: =IFERROR(('Q5 Actual'!Y14-'Q5 Actual'!Y13)/'Q5 Actual'!Y13*100,"NA") -> 0.87064677 | AB12: =IFERROR(('Q5 Actual'!AA14-'Q5 Actual'!AA13)/'Q5 Actual'!AA13*100,"NA") -> 0.75662043 | AC12: =IFERROR(('Q5 Actual'!AB14-'Q5 Actual'!AB13)/'Q5 Actual'!AB13*100,"NA") -> 0.24405125 | AD12: =IFERROR(('Q5 Actual'!AC14-'Q5 Actual'!AC13)/'Q5 Actual'!AC13*100,"NA") -> 0.10378827 | AE12: =IFERROR(('Q5 Actual'!AD14-'Q5 Actual'!AD13)/'Q5 Actual'!AD13*100,"NA") -> 0.2484472
A13: Rural+Urban | B13: 2021 | C13: December | D13: 44531 | E13: -6.69 | F13: =IFERROR(('Q5 Actual'!W15-'Q5 Actual'!W14)/'Q5 Actual'!W14*100,"NA") -> 0.12202563 | G13: =IFERROR(('Q5 Actual'!Z15-'Q5 Actual'!Z14)/'Q5 Actual'!Z14*100,"NA") -> 0.58139535 | H13: =IFERROR(('Q5 Actual'!E15-'Q5 Actual'!E14)/'Q5 Actual'!E14*100,"NA") -> 0.33738192 | I13: =IFERROR(('Q5 Actual'!F15-'Q5 Actual'!F14)/'Q5 Actual'!F14*100,"NA") -> -1.3888889 | J13: =IFERROR(('Q5 Actual'!G15-'Q5 Actual'!G14)/'Q5 Actual'!G14*100,"NA") -> 2.8323699 | K13: =IFERROR(('Q5 Actual'!H15-'Q5 Actual'!H14)/'Q5 Actual'!H14*100,"NA") -> 0.37664783 | L13: =IFERROR(('Q5 Actual'!I15-'Q5 Actual'!I14)/'Q5 Actual'!I14*100,"NA") -> -1.3150973 | M13: =IFERROR(('Q5 Actual'!J15-'Q5 Actual'!J14)/'Q5 Actual'!J14*100,"NA") -> -1.0223642 | N13: =IFERROR(('Q5 Actual'!K15-'Q5 Actual'!K14)/'Q5 Actual'!K14*100,"NA") -> -5.4718876 | O13: =IFERROR(('Q5 Actual'!L15-'Q5 Actual'!L14)/'Q5 Actual'!L14*100,"NA") -> -0.54446461 | ... Y13: =IFERROR(('Q5 Actual'!V15-'Q5 Actual'!V14)/'Q5 Actual'!V14*100,"NA") -> 0.56497175 | Z13: =IFERROR(('Q5 Actual'!X15-'Q5 Actual'!X14)/'Q5 Actual'!X14*100,"NA") -> 0.41200706 | AA13: =IFERROR(('Q5 Actual'!Y15-'Q5 Actual'!Y14)/'Q5 Actual'!Y14*100,"NA") -> 0.24660912 | AB13: =IFERROR(('Q5 Actual'!AA15-'Q5 Actual'!AA14)/'Q5 Actual'!AA14*100,"NA") -> 0.50062578 | AC13: =IFERROR(('Q5 Actual'!AB15-'Q5 Actual'!AB14)/'Q5 Actual'!AB14*100,"NA") -> 0.060864273 | AD13: =IFERROR(('Q5 Actual'!AC15-'Q5 Actual'!AC14)/'Q5 Actual'!AC14*100,"NA") -> -0.25920166 | AE13: =IFERROR(('Q5 Actual'!AD15-'Q5 Actual'!AD14)/'Q5 Actual'!AD14*100,"NA") -> 0.37174721
... A30: Rural+Urban | B30: 2023 | C30: May | D30: 45047 | E30: -9.66 | F30: =IFERROR(('Q5 Actual'!W32-'Q5 Actual'!W31)/'Q5 Actual'!W31*100,"NA") -> 0.60539351 | G30: =IFERROR(('Q5 Actual'!Z32-'Q5 Actual'!Z31)/'Q5 Actual'!Z31*100,"NA") -> 0.18237082 | H30: =IFERROR(('Q5 Actual'!E32-'Q5 Actual'!E31)/'Q5 Actual'!E31*100,"NA") -> -0.057537399 | I30: =IFERROR(('Q5 Actual'!F32-'Q5 Actual'!F31)/'Q5 Actual'!F31*100,"NA") -> 2.3889154 | J30: =IFERROR(('Q5 Actual'!G32-'Q5 Actual'!G31)/'Q5 Actual'!G31*100,"NA") -> 2.1226415 | K30: =IFERROR(('Q5 Actual'!H32-'Q5 Actual'!H31)/'Q5 Actual'!H31*100,"NA") -> 0.61659193 | L30: =IFERROR(('Q5 Actual'!I32-'Q5 Actual'!I31)/'Q5 Actual'!I31*100,"NA") -> -2.8016009 | M30: =IFERROR(('Q5 Actual'!J32-'Q5 Actual'!J31)/'Q5 Actual'!J31*100,"NA") -> -2.3255814 | N30: =IFERROR(('Q5 Actual'!K32-'Q5 Actual'!K31)/'Q5 Actual'!K31*100,"NA") -> 3.6036036 | O30: =IFERROR(('Q5 Actual'!L32-'Q5 Actual'!L31)/'Q5 Actual'!L31*100,"NA") -> 1.2687428 | ... Y30: =IFERROR(('Q5 Actual'!V32-'Q5 Actual'!V31)/'Q5 Actual'!V31*100,"NA") -> 0.34364261 | Z30: =IFERROR(('Q5 Actual'!X32-'Q5 Actual'!X31)/'Q5 Actual'!X31*100,"NA") -> 0.37837838 | AA30: =IFERROR(('Q5 Actual'!Y32-'Q5 Actual'!Y31)/'Q5 Actual'!Y31*100,"NA") -> 0.65217391 | AB30: =IFERROR(('Q5 Actual'!AA32-'Q5 Actual'!AA31)/'Q5 Actual'!AA31*100,"NA") -> 0.29291154 | AC30: =IFERROR(('Q5 Actual'!AB32-'Q5 Actual'!AB31)/'Q5 Actual'!AB31*100,"NA") -> 0.3968254 | AD30: =IFERROR(('Q5 Actual'!AC32-'Q5 Actual'!AC31)/'Q5 Actual'!AC31*100,"NA") -> 0.19940179 | AE30: =IFERROR(('Q5 Actual'!AD32-'Q5 Actual'!AD31)/'Q5 Actual'!AD31*100,"NA") -> 0.4
A34: Categories | B34: Correlation with Crude Oil
A35: Meat and fish | B35: =CORREL($E$2:$E$30,$I$2:$I$30) -> 0.42973093
A36: Oils and fats | B36: =CORREL($E$2:$E$30,$L$2:$L$30) -> 0.41129444
A37: Non-alcoholic beverages | B37: =CORREL($E$2:$E$30,$R$2:$R$30) -> 0.21365043
A38: Fuel | B38: =CORREL($E$2:$E$30,$F$2:$F$30) -> 0.19144047
A39: Transport | B39: =CORREL($E$2:$E$30,$G$2:$G$30) -> 0.14856521
A40: Pan, tobacco and intoxicants | B40: =CORREL($E$2:$E$30,$AD$2:$AD$30) -> 0.13539049
A41: Footwear | B41: =CORREL($E$2:$E$30,$V$2:$V$30) -> 0.12760319
A42: Recreation and amusement | B42: =CORREL($E$2:$E$30,$AB$2:$AB$30) -> 0.10084234
A43: Housing | B43: =CORREL($E$2:$E$30,$X$2:$X$30) -> 0.083996363
A44: Fruits | B44: =CORREL($E$2:$E$30,$M$2:$M$30) -> 0.081042055
A45: Prepared meals, snacks, sweets etc. | B45: =CORREL($E$2:$E$30,$S$2:$S$30) -> 0.076445909
A46: Clothing and footwear | B46: =CORREL($E$2:$E$30,$W$2:$W$30) -> 0.069144931
A47: Miscellaneous | B47: =CORREL($E$2:$E$30,$AE$2:$AE$30) -> 0.058700441
A48: Clothing | B48: =CORREL($E$2:$E$30,$U$2:$U$30) -> 0.045622432
A49: Health | B49: =CORREL($E$2:$E$30,$Z$2:$Z$30) -> 0.027453369
A50: Food and beverages | B50: =CORREL($E$2:$E$30,$T$2:$T$30) -> 0.014945927
A51: Personal care and effects | B51: =CORREL($E$2:$E$30,$AA$2:$AA$30) -> -0.010883675
A52: Vegetables | B52: =CORREL($E$2:$E$30,$N$2:$N$30) -> -0.028836408
A53: Household goods and services | B53: =CORREL($E$2:$E$30,$Y$2:$Y$30) -> -0.06183077
A54: Education | B54: =CORREL($E$2:$E$30,$AC$2:$AC$30) -> -0.15588083
A55: Spices | B55: =CORREL($E$2:$E$30,$Q$2:$Q$30) -> -0.18458078
A56: Egg | B56: =CORREL($E$2:$E$30,$J$2:$J$30) -> -0.19432921
A57: Sugar and Confectionery | B57: =CORREL($E$2:$E$30,$P$2:$P$30) -> -0.2346399
A58: Pulses and products | B58: =CORREL($E$2:$E$30,$O$2:$O$30) -> -0.24889778
A59: Milk and products | B59: =CORREL($E$2:$E$30,$K$2:$K$30) -> -0.28452463
A60: Cereals and products | B60: =CORREL($E$2:$E$30,$H$2:$H$30) -> -0.30007477
A64: Sector | B64: Year | C64: Month | D64: Date | E64: Crude Oil | F64: Fuel | G64: Transport | H64: Cereals and products | I64: Meat and fish | J64: Egg | K64: Milk and products | L64: Oils and fats | M64: Fruits | N64: Vegetables | O64: Pulses and products | P64: Sugar and Confectionery | Q64: Spices | R64: Non-alcoholic beverages | S64: Prepared meals, snacks, sweets etc. | T64: Food and beverages | U64: Clothing | V64: Footwear | W64: Clothing and footwear | X64: Housing | Y64: Household goods and services | Z64: Health | AA64: Personal care and effects | AB64: Recreation and amusement | AC64: Education | AD64: Pan, tobacco and intoxicants | AE64: Miscellaneous
A65: Rural | B65: 2021 | C65: January | D65: =DATE(B65,MONTH(1&C65),1) -> 44197 | E65: 8.57 | F65: =IFERROR(('Q5 Actual'!W39-'Q5 Actual'!W38)/'Q5 Actual'!W38*100,"NA") -> 1.4794889 | G65: =IFERROR(('Q5 Actual'!Z39-'Q5 Actual'!Z38)/'Q5 Actual'!Z38*100,"NA") -> 0.75136612 | H65: =IFERROR(('Q5 Actual'!E39-'Q5 Actual'!E38)/'Q5 Actual'!E38*100,"NA") -> -0.82987552 | I65: =IFERROR(('Q5 Actual'!F39-'Q5 Actual'!F38)/'Q5 Actual'!F38*100,"NA") -> -0.53050398 | J65: =IFERROR(('Q5 Actual'!G39-'Q5 Actual'!G38)/'Q5 Actual'!G38*100,"NA") -> 0 | K65: =IFERROR(('Q5 Actual'!H39-'Q5 Actual'!H38)/'Q5 Actual'!H38*100,"NA") -> 0 | L65: =IFERROR(('Q5 Actual'!I39-'Q5 Actual'!I38)/'Q5 Actual'!I38*100,"NA") -> 3.2 | M65: =IFERROR(('Q5 Actual'!J39-'Q5 Actual'!J38)/'Q5 Actual'!J38*100,"NA") -> 0.75394106 | N65: =IFERROR(('Q5 Actual'!K39-'Q5 Actual'!K38)/'Q5 Actual'!K38*100,"NA") -> -16.60746 | O65: =IFERROR(('Q5 Actual'!L39-'Q5 Actual'!L38)/'Q5 Actual'!L38*100,"NA") -> 0 | ... Y65: =IFERROR(('Q5 Actual'!V39-'Q5 Actual'!V38)/'Q5 Actual'!V38*100,"NA") -> 0.32594524 | Z65: =IFERROR(('Q5 Actual'!X39-'Q5 Actual'!X38)/'Q5 Actual'!X38*100,"NA") -> 0.55693069 | AA65: =IFERROR(('Q5 Actual'!Y39-'Q5 Actual'!Y38)/'Q5 Actual'!Y38*100,"NA") -> -0.25542784 | AB65: =IFERROR(('Q5 Actual'!AA39-'Q5 Actual'!AA38)/'Q5 Actual'!AA38*100,"NA") -> 0.7797271 | AC65: =IFERROR(('Q5 Actual'!AB39-'Q5 Actual'!AB38)/'Q5 Actual'!AB38*100,"NA") -> 0.36832413 | AD65: =IFERROR(('Q5 Actual'!AC39-'Q5 Actual'!AC38)/'Q5 Actual'!AC38*100,"NA") -> 0.54466231 | AE65: =IFERROR(('Q5 Actual'!AD39-'Q5 Actual'!AD38)/'Q5 Actual'!AD38*100,"NA") -> 0.45103093
A66: Rural | B66: 2021 | C66: February | D66: =DATE(B66,MONTH(1&C66),1) -> 44228 | E66: 13.05 | F66: =IFERROR(('Q5 Actual'!W40-'Q5 Actual'!W39)/'Q5 Actual'!W39*100,"NA") -> 2.3194168 | G66: =IFERROR(('Q5 Actual'!Z40-'Q5 Actual'!Z39)/'Q5 Actual'!Z39*100,"NA") -> 1.8305085 | H66: =IFERROR(('Q5 Actual'!E40-'Q5 Actual'!E39)/'Q5 Actual'!E39*100,"NA") -> -0.41841004 | I66: =IFERROR(('Q5 Actual'!F40-'Q5 Actual'!F39)/'Q5 Actual'!F39*100,"NA") -> -1.8666667 | J66: =IFERROR(('Q5 Actual'!G40-'Q5 Actual'!G39)/'Q5 Actual'!G39*100,"NA") -> -3.1141869 | K66: =IFERROR(('Q5 Actual'!H40-'Q5 Actual'!H39)/'Q5 Actual'!H39*100,"NA") -> 0.25974026 | L66: =IFERROR(('Q5 Actual'!I40-'Q5 Actual'!I39)/'Q5 Actual'!I39*100,"NA") -> 5.2971576 | M66: =IFERROR(('Q5 Actual'!J40-'Q5 Actual'!J39)/'Q5 Actual'!J39*100,"NA") -> 0.54421769 | N66: =IFERROR(('Q5 Actual'!K40-'Q5 Actual'!K39)/'Q5 Actual'!K39*100,"NA") -> -20.28754 | O66: =IFERROR(('Q5 Actual'!L40-'Q5 Actual'!L39)/'Q5 Actual'!L39*100,"NA") -> -0.7523511 | ... Y66: =IFERROR(('Q5 Actual'!V40-'Q5 Actual'!V39)/'Q5 Actual'!V39*100,"NA") -> 0.58479532 | Z66: =IFERROR(('Q5 Actual'!X40-'Q5 Actual'!X39)/'Q5 Actual'!X39*100,"NA") -> 1.1076923 | AA66: =IFERROR(('Q5 Actual'!Y40-'Q5 Actual'!Y39)/'Q5 Actual'!Y39*100,"NA") -> -0.64020487 | AB66: =IFERROR(('Q5 Actual'!AA40-'Q5 Actual'!AA39)/'Q5 Actual'!AA39*100,"NA") -> 1.2250161 | AC66: =IFERROR(('Q5 Actual'!AB40-'Q5 Actual'!AB39)/'Q5 Actual'!AB39*100,"NA") -> 0.06116208 | AD66: =IFERROR(('Q5 Actual'!AC40-'Q5 Actual'!AC39)/'Q5 Actual'!AC39*100,"NA") -> 1.0292524 | AE66: =IFERROR(('Q5 Actual'!AD40-'Q5 Actual'!AD39)/'Q5 Actual'!AD39*100,"NA") -> 0.83386786
A67: Rural | B67: 2021 | C67: March | D67: =DATE(B67,MONTH(1&C67),1) -> 44256 | E67: 5.25 | F67: =IFERROR(('Q5 Actual'!W41-'Q5 Actual'!W40)/'Q5 Actual'!W40*100,"NA") -> 1.0362694 | G67: =IFERROR(('Q5 Actual'!Z41-'Q5 Actual'!Z40)/'Q5 Actual'!Z40*100,"NA") -> 0.73235686 | H67: =IFERROR(('Q5 Actual'!E41-'Q5 Actual'!E40)/'Q5 Actual'!E40*100,"NA") -> -0.21008403 | I67: =IFERROR(('Q5 Actual'!F41-'Q5 Actual'!F40)/'Q5 Actual'!F40*100,"NA") -> 2.9347826 | J67: =IFERROR(('Q5 Actual'!G41-'Q5 Actual'!G40)/'Q5 Actual'!G40*100,"NA") -> -2.8571429 | K67: =IFERROR(('Q5 Actual'!H41-'Q5 Actual'!H40)/'Q5 Actual'!H40*100,"NA") -> 0.064766839 | L67: =IFERROR(('Q5 Actual'!I41-'Q5 Actual'!I40)/'Q5 Actual'!I40*100,"NA") -> 3.190184 | M67: =IFERROR(('Q5 Actual'!J41-'Q5 Actual'!J40)/'Q5 Actual'!J40*100,"NA") -> 1.826793 | N67: =IFERROR(('Q5 Actual'!K41-'Q5 Actual'!K40)/'Q5 Actual'!K40*100,"NA") -> -5.8116232 | O67: =IFERROR(('Q5 Actual'!L41-'Q5 Actual'!L40)/'Q5 Actual'!L40*100,"NA") -> 0.56854075 | ... Y67: =IFERROR(('Q5 Actual'!V41-'Q5 Actual'!V40)/'Q5 Actual'!V40*100,"NA") -> 0 | Z67: =IFERROR(('Q5 Actual'!X41-'Q5 Actual'!X40)/'Q5 Actual'!X40*100,"NA") -> 0.18259282 | AA67: =IFERROR(('Q5 Actual'!Y41-'Q5 Actual'!Y40)/'Q5 Actual'!Y40*100,"NA") -> -1.3530928 | AB67: =IFERROR(('Q5 Actual'!AA41-'Q5 Actual'!AA40)/'Q5 Actual'!AA40*100,"NA") -> 0.50955414 | AC67: =IFERROR(('Q5 Actual'!AB41-'Q5 Actual'!AB40)/'Q5 Actual'!AB40*100,"NA") -> 0.12224939 | AD67: =IFERROR(('Q5 Actual'!AC41-'Q5 Actual'!AC40)/'Q5 Actual'!AC40*100,"NA") -> -0.21447721 | AE67: =IFERROR(('Q5 Actual'!AD41-'Q5 Actual'!AD40)/'Q5 Actual'!AD40*100,"NA") -> 0.063613232
A68: Rural | B68: 2021 | C68: April | D68: =DATE(B68,MONTH(1&C68),1) -> 44287 | E68: 1.57 | F68: =IFERROR(('Q5 Actual'!W42-'Q5 Actual'!W41)/'Q5 Actual'!W41*100,"NA") -> 1.8589744 | G68: =IFERROR(('Q5 Actual'!Z42-'Q5 Actual'!Z41)/'Q5 Actual'!Z41*100,"NA") -> 0.26437541 | H68: =IFERROR(('Q5 Actual'!E42-'Q5 Actual'!E41)/'Q5 Actual'!E41*100,"NA") -> 0.14035088 | I68: =IFERROR(('Q5 Actual'!F42-'Q5 Actual'!F41)/'Q5 Actual'!F41*100,"NA") -> 3.2206969 | J68: =IFERROR(('Q5 Actual'!G42-'Q5 Actual'!G41)/'Q5 Actual'!G41*100,"NA") -> 0.12254902 | K68: =IFERROR(('Q5 Actual'!H42-'Q5 Actual'!H41)/'Q5 Actual'!H41*100,"NA") -> 0.3236246 | L68: =IFERROR(('Q5 Actual'!I42-'Q5 Actual'!I41)/'Q5 Actual'!I41*100,"NA") -> 4.1617122 | M68: =IFERROR(('Q5 Actual'!J42-'Q5 Actual'!J41)/'Q5 Actual'!J41*100,"NA") -> 6.7109635 | N68: =IFERROR(('Q5 Actual'!K42-'Q5 Actual'!K41)/'Q5 Actual'!K41*100,"NA") -> -4.1843972 | O68: =IFERROR(('Q5 Actual'!L42-'Q5 Actual'!L41)/'Q5 Actual'!L41*100,"NA") -> 1.1934673 | ... Y68: =IFERROR(('Q5 Actual'!V42-'Q5 Actual'!V41)/'Q5 Actual'!V41*100,"NA") -> 0.45219638 | Z68: =IFERROR(('Q5 Actual'!X42-'Q5 Actual'!X41)/'Q5 Actual'!X41*100,"NA") -> 0.42527339 | AA68: =IFERROR(('Q5 Actual'!Y42-'Q5 Actual'!Y41)/'Q5 Actual'!Y41*100,"NA") -> 0.9797518 | AB68: =IFERROR(('Q5 Actual'!AA42-'Q5 Actual'!AA41)/'Q5 Actual'!AA41*100,"NA") -> 0.50697085 | AC68: =IFERROR(('Q5 Actual'!AB42-'Q5 Actual'!AB41)/'Q5 Actual'!AB41*100,"NA") -> 0.18315018 | AD68: =IFERROR(('Q5 Actual'!AC42-'Q5 Actual'!AC41)/'Q5 Actual'!AC41*100,"NA") -> 0.37614186 | AE68: =IFERROR(('Q5 Actual'!AD42-'Q5 Actual'!AD41)/'Q5 Actual'!AD41*100,"NA") -> 0.44500954
A69: Rural | B69: 2021 | C69: May | D69: =DATE(B69,MONTH(1&C69),1) -> 44317 | E69: 3.55 | F69: =IFERROR(('Q5 Actual'!W43-'Q5 Actual'!W42)/'Q5 Actual'!W42*100,"NA") -> 1.7621145 | G69: =IFERROR(('Q5 Actual'!Z43-'Q5 Actual'!Z42)/'Q5 Actual'!Z42*100,"NA") -> 0.98879367 | H69: =IFERROR(('Q5 Actual'!E43-'Q5 Actual'!E42)/'Q5 Actual'!E42*100,"NA") -> 1.68185 | I69: =IFERROR(('Q5 Actual'!F43-'Q5 Actual'!F42)/'Q5 Actual'!F42*100,"NA") -> 1.5345269 | J69: =IFERROR(('Q5 Actual'!G43-'Q5 Actual'!G42)/'Q5 Actual'!G42*100,"NA") -> 3.1823745 | K69: =IFERROR(('Q5 Actual'!H43-'Q5 Actual'!H42)/'Q5 Actual'!H42*100,"NA") -> 0.51612903 | L69: =IFERROR(('Q5 Actual'!I43-'Q5 Actual'!I42)/'Q5 Actual'!I42*100,"NA") -> 5.2511416 | M69: =IFERROR(('Q5 Actual'!J43-'Q5 Actual'!J42)/'Q5 Actual'!J42*100,"NA") -> 1.0585305 | N69: =IFERROR(('Q5 Actual'!K43-'Q5 Actual'!K42)/'Q5 Actual'!K42*100,"NA") -> 2.4426351 | O69: =IFERROR(('Q5 Actual'!L43-'Q5 Actual'!L42)/'Q5 Actual'!L42*100,"NA") -> 2.4829299 | ... Y69: =IFERROR(('Q5 Actual'!V43-'Q5 Actual'!V42)/'Q5 Actual'!V42*100,"NA") -> 2.1221865 | Z69: =IFERROR(('Q5 Actual'!X43-'Q5 Actual'!X42)/'Q5 Actual'!X42*100,"NA") -> 2.2988506 | AA69: =IFERROR(('Q5 Actual'!Y43-'Q5 Actual'!Y42)/'Q5 Actual'!Y42*100,"NA") -> 3.0401035 | AB69: =IFERROR(('Q5 Actual'!AA43-'Q5 Actual'!AA42)/'Q5 Actual'!AA42*100,"NA") -> 0.88272383 | AC69: =IFERROR(('Q5 Actual'!AB43-'Q5 Actual'!AB42)/'Q5 Actual'!AB42*100,"NA") -> 2.1328458 | AD69: =IFERROR(('Q5 Actual'!AC43-'Q5 Actual'!AC42)/'Q5 Actual'!AC42*100,"NA") -> 1.4989293 | AE69: =IFERROR(('Q5 Actual'!AD43-'Q5 Actual'!AD42)/'Q5 Actual'!AD42*100,"NA") -> 1.9620253
A70: Rural | B70: 2021 | C70: June | D70: =DATE(B70,MONTH(1&C70),1) -> 44348 | E70: 7.69 | F70: =IFERROR(('Q5 Actual'!W44-'Q5 Actual'!W43)/'Q5 Actual'!W43*100,"NA") -> 0.24737168 | G70: =IFERROR(('Q5 Actual'!Z44-'Q5 Actual'!Z43)/'Q5 Actual'!Z43*100,"NA") -> 0.65274151 | H70: =IFERROR(('Q5 Actual'!E44-'Q5 Actual'!E43)/'Q5 Actual'!E43*100,"NA") -> 0.34458994 | I70: =IFERROR(('Q5 Actual'!F44-'Q5 Actual'!F43)/'Q5 Actual'!F43*100,"NA") -> 0.80604534 | J70: =IFERROR(('Q5 Actual'!G44-'Q5 Actual'!G43)/'Q5 Actual'!G43*100,"NA") -> 6.346382 | K70: =IFERROR(('Q5 Actual'!H44-'Q5 Actual'!H43)/'Q5 Actual'!H43*100,"NA") -> 0.19255456 | L70: =IFERROR(('Q5 Actual'!I44-'Q5 Actual'!I43)/'Q5 Actual'!I43*100,"NA") -> 3.2537961 | M70: =IFERROR(('Q5 Actual'!J44-'Q5 Actual'!J43)/'Q5 Actual'!J43*100,"NA") -> -2.2797289 | N70: =IFERROR(('Q5 Actual'!K44-'Q5 Actual'!K43)/'Q5 Actual'!K43*100,"NA") -> 4.5520231 | O70: =IFERROR(('Q5 Actual'!L44-'Q5 Actual'!L43)/'Q5 Actual'!L43*100,"NA") -> 0.24227741 | ... Y70: =IFERROR(('Q5 Actual'!V44-'Q5 Actual'!V43)/'Q5 Actual'!V43*100,"NA") -> 0.25188917 | Z70: =IFERROR(('Q5 Actual'!X44-'Q5 Actual'!X43)/'Q5 Actual'!X43*100,"NA") -> 0.35481963 | AA70: =IFERROR(('Q5 Actual'!Y44-'Q5 Actual'!Y43)/'Q5 Actual'!Y43*100,"NA") -> 0.062774639 | AB70: =IFERROR(('Q5 Actual'!AA44-'Q5 Actual'!AA43)/'Q5 Actual'!AA43*100,"NA") -> 0.25 | AC70: =IFERROR(('Q5 Actual'!AB44-'Q5 Actual'!AB43)/'Q5 Actual'!AB43*100,"NA") -> -0.47732697 | AD70: =IFERROR(('Q5 Actual'!AC44-'Q5 Actual'!AC43)/'Q5 Actual'!AC43*100,"NA") -> -0.26371308 | AE70: =IFERROR(('Q5 Actual'!AD44-'Q5 Actual'!AD43)/'Q5 Actual'!AD43*100,"NA") -> 0.24829299
A71: Rural | B71: 2021 | C71: July | D71: =DATE(B71,MONTH(1&C71),1) -> 44378 | E71: 3.14 | F71: =IFERROR(('Q5 Actual'!W45-'Q5 Actual'!W44)/'Q5 Actual'!W44*100,"NA") -> 0.24676126 | G71: =IFERROR(('Q5 Actual'!Z45-'Q5 Actual'!Z44)/'Q5 Actual'!Z44*100,"NA") -> 1.8806744 | H71: =IFERROR(('Q5 Actual'!E45-'Q5 Actual'!E44)/'Q5 Actual'!E44*100,"NA") -> -0.34340659 | I71: =IFERROR(('Q5 Actual'!F45-'Q5 Actual'!F44)/'Q5 Actual'!F44*100,"NA") -> 2.1989005 | J71: =IFERROR(('Q5 Actual'!G45-'Q5 Actual'!G44)/'Q5 Actual'!G44*100,"NA") -> 0.61349693 | K71: =IFERROR(('Q5 Actual'!H45-'Q5 Actual'!H44)/'Q5 Actual'!H44*100,"NA") -> 0.64061499 | L71: =IFERROR(('Q5 Actual'!I45-'Q5 Actual'!I44)/'Q5 Actual'!I44*100,"NA") -> -0.89285714 | M71: =IFERROR(('Q5 Actual'!J45-'Q5 Actual'!J44)/'Q5 Actual'!J44*100,"NA") -> -0.56746532 | N71: =IFERROR(('Q5 Actual'!K45-'Q5 Actual'!K44)/'Q5 Actual'!K44*100,"NA") -> 5.5977885 | O71: =IFERROR(('Q5 Actual'!L45-'Q5 Actual'!L44)/'Q5 Actual'!L44*100,"NA") -> -1.1480363 | ... Y71: =IFERROR(('Q5 Actual'!V45-'Q5 Actual'!V44)/'Q5 Actual'!V44*100,"NA") -> 0.69095477 | Z71: =IFERROR(('Q5 Actual'!X45-'Q5 Actual'!X44)/'Q5 Actual'!X44*100,"NA") -> 0.41249263 | AA71: =IFERROR(('Q5 Actual'!Y45-'Q5 Actual'!Y44)/'Q5 Actual'!Y44*100,"NA") -> 0.62735257 | AB71: =IFERROR(('Q5 Actual'!AA45-'Q5 Actual'!AA44)/'Q5 Actual'!AA44*100,"NA") -> 0.18703242 | AC71: =IFERROR(('Q5 Actual'!AB45-'Q5 Actual'!AB44)/'Q5 Actual'!AB44*100,"NA") -> 0.23980815 | AD71: =IFERROR(('Q5 Actual'!AC45-'Q5 Actual'!AC44)/'Q5 Actual'!AC44*100,"NA") -> 0.31729244 | AE71: =IFERROR(('Q5 Actual'!AD45-'Q5 Actual'!AD44)/'Q5 Actual'!AD44*100,"NA") -> 0.80495356
A72: Rural | B72: 2021 | C72: August | D72: =DATE(B72,MONTH(1&C72),1) -> 44409 | E72: -6.31 | F72: =IFERROR(('Q5 Actual'!W46-'Q5 Actual'!W45)/'Q5 Actual'!W45*100,"NA") -> 0.36923077 | G72: =IFERROR(('Q5 Actual'!Z46-'Q5 Actual'!Z45)/'Q5 Actual'!Z45*100,"NA") -> 0.38192234 | H72: =IFERROR(('Q5 Actual'!E46-'Q5 Actual'!E45)/'Q5 Actual'!E45*100,"NA") -> -0.13783598 | I72: =IFERROR(('Q5 Actual'!F46-'Q5 Actual'!F45)/'Q5 Actual'!F45*100,"NA") -> -1.0757946 | J72: =IFERROR(('Q5 Actual'!G46-'Q5 Actual'!G45)/'Q5 Actual'!G45*100,"NA") -> -2.1618625 | K72: =IFERROR(('Q5 Actual'!H46-'Q5 Actual'!H45)/'Q5 Actual'!H45*100,"NA") -> 0.25461489 | L72: =IFERROR(('Q5 Actual'!I46-'Q5 Actual'!I45)/'Q5 Actual'!I45*100,"NA") -> 1.1658718 | M72: =IFERROR(('Q5 Actual'!J46-'Q5 Actual'!J45)/'Q5 Actual'!J45*100,"NA") -> -1.2682308 | N72: =IFERROR(('Q5 Actual'!K46-'Q5 Actual'!K45)/'Q5 Actual'!K45*100,"NA") -> 0.71989529 | O72: =IFERROR(('Q5 Actual'!L46-'Q5 Actual'!L45)/'Q5 Actual'!L45*100,"NA") -> -0.48899756 | ... Y72: =IFERROR(('Q5 Actual'!V46-'Q5 Actual'!V45)/'Q5 Actual'!V45*100,"NA") -> 0.37429819 | Z72: =IFERROR(('Q5 Actual'!X46-'Q5 Actual'!X45)/'Q5 Actual'!X45*100,"NA") -> 0.41079812 | AA72: =IFERROR(('Q5 Actual'!Y46-'Q5 Actual'!Y45)/'Q5 Actual'!Y45*100,"NA") -> -0.06234414 | AB72: =IFERROR(('Q5 Actual'!AA46-'Q5 Actual'!AA45)/'Q5 Actual'!AA45*100,"NA") -> 0.24891101 | AC72: =IFERROR(('Q5 Actual'!AB46-'Q5 Actual'!AB45)/'Q5 Actual'!AB45*100,"NA") -> 0.17942584 | AD72: =IFERROR(('Q5 Actual'!AC46-'Q5 Actual'!AC45)/'Q5 Actual'!AC45*100,"NA") -> 0.26357406 | AE72: =IFERROR(('Q5 Actual'!AD46-'Q5 Actual'!AD45)/'Q5 Actual'!AD45*100,"NA") -> 0.30712531
A73: Rural | B73: 2021 | C73: September | D73: =DATE(B73,MONTH(1&C73),1) -> 44440 | E73: 5.73 | F73: =IFERROR(('Q5 Actual'!W47-'Q5 Actual'!W46)/'Q5 Actual'!W46*100,"NA") -> 0.36787247 | G73: =IFERROR(('Q5 Actual'!Z47-'Q5 Actual'!Z46)/'Q5 Actual'!Z46*100,"NA") -> 0.063411541 | H73: =IFERROR(('Q5 Actual'!E47-'Q5 Actual'!E46)/'Q5 Actual'!E46*100,"NA") -> 0.34506556 | I73: =IFERROR(('Q5 Actual'!F47-'Q5 Actual'!F46)/'Q5 Actual'!F46*100,"NA") -> -0.098863075 | J73: =IFERROR(('Q5 Actual'!G47-'Q5 Actual'!G46)/'Q5 Actual'!G46*100,"NA") -> -2.5495751 | K73: =IFERROR(('Q5 Actual'!H47-'Q5 Actual'!H46)/'Q5 Actual'!H46*100,"NA") -> 0.31746032 | L73: =IFERROR(('Q5 Actual'!I47-'Q5 Actual'!I46)/'Q5 Actual'!I46*100,"NA") -> 2.4096386 | M73: =IFERROR(('Q5 Actual'!J47-'Q5 Actual'!J46)/'Q5 Actual'!J46*100,"NA") -> -1.9267823 | N73: =IFERROR(('Q5 Actual'!K47-'Q5 Actual'!K46)/'Q5 Actual'!K46*100,"NA") -> -1.6244314 | O73: =IFERROR(('Q5 Actual'!L47-'Q5 Actual'!L46)/'Q5 Actual'!L46*100,"NA") -> 0.67567568 | ... Y73: =IFERROR(('Q5 Actual'!V47-'Q5 Actual'!V46)/'Q5 Actual'!V46*100,"NA") -> 0.24860162 | Z73: =IFERROR(('Q5 Actual'!X47-'Q5 Actual'!X46)/'Q5 Actual'!X46*100,"NA") -> 0.46756283 | AA73: =IFERROR(('Q5 Actual'!Y47-'Q5 Actual'!Y46)/'Q5 Actual'!Y46*100,"NA") -> -0.062383032 | AB73: =IFERROR(('Q5 Actual'!AA47-'Q5 Actual'!AA46)/'Q5 Actual'!AA46*100,"NA") -> 0.99317194 | AC73: =IFERROR(('Q5 Actual'!AB47-'Q5 Actual'!AB46)/'Q5 Actual'!AB46*100,"NA") -> 0.59701493 | AD73: =IFERROR(('Q5 Actual'!AC47-'Q5 Actual'!AC46)/'Q5 Actual'!AC46*100,"NA") -> 0.15772871 | AE73: =IFERROR(('Q5 Actual'!AD47-'Q5 Actual'!AD46)/'Q5 Actual'!AD46*100,"NA") -> 0.30618494
A74: Rural | B74: 2021 | C74: October | D74: =DATE(B74,MONTH(1&C74),1) -> 44470 | E74: 14.09 | F74: =IFERROR(('Q5 Actual'!W48-'Q5 Actual'!W47)/'Q5 Actual'!W47*100,"NA") -> 1.0995724 | G74: =IFERROR(('Q5 Actual'!Z48-'Q5 Actual'!Z47)/'Q5 Actual'!Z47*100,"NA") -> 1.0773131 | H74: =IFERROR(('Q5 Actual'!E48-'Q5 Actual'!E47)/'Q5 Actual'!E47*100,"NA") -> 0.48143054 | I74: =IFERROR(('Q5 Actual'!F48-'Q5 Actual'!F47)/'Q5 Actual'!F47*100,"NA") -> 0.19792182 | J74: =IFERROR(('Q5 Actual'!G48-'Q5 Actual'!G47)/'Q5 Actual'!G47*100,"NA") -> -1.1046512 | K74: =IFERROR(('Q5 Actual'!H48-'Q5 Actual'!H47)/'Q5 Actual'!H47*100,"NA") -> 0.25316456 | L74: =IFERROR(('Q5 Actual'!I48-'Q5 Actual'!I47)/'Q5 Actual'!I47*100,"NA") -> 1.6879795 | M74: =IFERROR(('Q5 Actual'!J48-'Q5 Actual'!J47)/'Q5 Actual'!J47*100,"NA") -> -0.065487885 | N74: =IFERROR(('Q5 Actual'!K48-'Q5 Actual'!K47)/'Q5 Actual'!K47*100,"NA") -> 12.549538 | O74: =IFERROR(('Q5 Actual'!L48-'Q5 Actual'!L47)/'Q5 Actual'!L47*100,"NA") -> 0.79316656 | ... Y74: =IFERROR(('Q5 Actual'!V48-'Q5 Actual'!V47)/'Q5 Actual'!V47*100,"NA") -> 0.43397396 | Z74: =IFERROR(('Q5 Actual'!X48-'Q5 Actual'!X47)/'Q5 Actual'!X47*100,"NA") -> 0.34904014 | AA74: =IFERROR(('Q5 Actual'!Y48-'Q5 Actual'!Y47)/'Q5 Actual'!Y47*100,"NA") -> 0.56179775 | AB74: =IFERROR(('Q5 Actual'!AA48-'Q5 Actual'!AA47)/'Q5 Actual'!AA47*100,"NA") -> 0.30731407 | AC74: =IFERROR(('Q5 Actual'!AB48-'Q5 Actual'!AB47)/'Q5 Actual'!AB47*100,"NA") -> 0.29673591 | AD74: =IFERROR(('Q5 Actual'!AC48-'Q5 Actual'!AC47)/'Q5 Actual'!AC47*100,"NA") -> 0.36745407 | AE74: =IFERROR(('Q5 Actual'!AD48-'Q5 Actual'!AD47)/'Q5 Actual'!AD47*100,"NA") -> 0.54945055
A75: Rural | B75: 2021 | C75: November | D75: =DATE(B75,MONTH(1&C75),1) -> 44501 | E75: -3.98 | F75: =IFERROR(('Q5 Actual'!W49-'Q5 Actual'!W48)/'Q5 Actual'!W48*100,"NA") -> -0.12084592 | G75: =IFERROR(('Q5 Actual'!Z49-'Q5 Actual'!Z48)/'Q5 Actual'!Z48*100,"NA") -> -0.37617555 | H75: =IFERROR(('Q5 Actual'!E49-'Q5 Actual'!E48)/'Q5 Actual'!E48*100,"NA") -> 0.54757016 | I75: =IFERROR(('Q5 Actual'!F49-'Q5 Actual'!F48)/'Q5 Actual'!F48*100,"NA") -> -1.3333333 | J75: =IFERROR(('Q5 Actual'!G49-'Q5 Actual'!G48)/'Q5 Actual'!G48*100,"NA") -> 0.82304527 | K75: =IFERROR(('Q5 Actual'!H49-'Q5 Actual'!H48)/'Q5 Actual'!H48*100,"NA") -> 0.44191919 | L75: =IFERROR(('Q5 Actual'!I49-'Q5 Actual'!I48)/'Q5 Actual'!I48*100,"NA") -> -0.20120724 | M75: =IFERROR(('Q5 Actual'!J49-'Q5 Actual'!J48)/'Q5 Actual'!J48*100,"NA") -> 0.3931848 | N75: =IFERROR(('Q5 Actual'!K49-'Q5 Actual'!K48)/'Q5 Actual'!K48*100,"NA") -> 7.9225352 | O75: =IFERROR(('Q5 Actual'!L49-'Q5 Actual'!L48)/'Q5 Actual'!L48*100,"NA") -> 0.12106538 | ... Y75: =IFERROR(('Q5 Actual'!V49-'Q5 Actual'!V48)/'Q5 Actual'!V48*100,"NA") -> 0.55555556 | Z75: =IFERROR(('Q5 Actual'!X49-'Q5 Actual'!X48)/'Q5 Actual'!X48*100,"NA") -> 0.52173913 | AA75: =IFERROR(('Q5 Actual'!Y49-'Q5 Actual'!Y48)/'Q5 Actual'!Y48*100,"NA") -> 0.8069522 | AB75: =IFERROR(('Q5 Actual'!AA49-'Q5 Actual'!AA48)/'Q5 Actual'!AA48*100,"NA") -> 0.36764706 | AC75: =IFERROR(('Q5 Actual'!AB49-'Q5 Actual'!AB48)/'Q5 Actual'!AB48*100,"NA") -> 0.17751479 | AD75: =IFERROR(('Q5 Actual'!AC49-'Q5 Actual'!AC48)/'Q5 Actual'!AC48*100,"NA") -> 0.10460251 | AE75: =IFERROR(('Q5 Actual'!AD49-'Q5 Actual'!AD48)/'Q5 Actual'!AD48*100,"NA") -> 0.30358227
A76: Rural | B76: 2021 | C76: December | D76: =DATE(B76,MONTH(1&C76),1) -> 44531 | E76: -6.69 | F76: =IFERROR(('Q5 Actual'!W50-'Q5 Actual'!W49)/'Q5 Actual'!W49*100,"NA") -> 0.1814882 | G76: =IFERROR(('Q5 Actual'!Z50-'Q5 Actual'!Z49)/'Q5 Actual'!Z49*100,"NA") -> 0.75519194 | H76: =IFERROR(('Q5 Actual'!E50-'Q5 Actual'!E49)/'Q5 Actual'!E49*100,"NA") -> 0.3403676 | I76: =IFERROR(('Q5 Actual'!F50-'Q5 Actual'!F49)/'Q5 Actual'!F49*100,"NA") -> -1.4014014 | J76: =IFERROR(('Q5 Actual'!G50-'Q5 Actual'!G49)/'Q5 Actual'!G49*100,"NA") -> 2.9154519 | K76: =IFERROR(('Q5 Actual'!H50-'Q5 Actual'!H49)/'Q5 Actual'!H49*100,"NA") -> 0.43997486 | L76: =IFERROR(('Q5 Actual'!I50-'Q5 Actual'!I49)/'Q5 Actual'!I49*100,"NA") -> -1.3104839 | M76: =IFERROR(('Q5 Actual'!J50-'Q5 Actual'!J49)/'Q5 Actual'!J49*100,"NA") -> -0.78328982 | N76: =IFERROR(('Q5 Actual'!K50-'Q5 Actual'!K49)/'Q5 Actual'!K49*100,"NA") -> -6.307776 | O76: =IFERROR(('Q5 Actual'!L50-'Q5 Actual'!L49)/'Q5 Actual'!L49*100,"NA") -> -0.54413543 | ... Y76: =IFERROR(('Q5 Actual'!V50-'Q5 Actual'!V49)/'Q5 Actual'!V49*100,"NA") -> 0.61387354 | Z76: =IFERROR(('Q5 Actual'!X50-'Q5 Actual'!X49)/'Q5 Actual'!X49*100,"NA") -> 0.34602076 | AA76: =IFERROR(('Q5 Actual'!Y50-'Q5 Actual'!Y49)/'Q5 Actual'!Y49*100,"NA") -> 0.24630542 | AB76: =IFERROR(('Q5 Actual'!AA50-'Q5 Actual'!AA49)/'Q5 Actual'!AA49*100,"NA") -> 0.42735043 | AC76: =IFERROR(('Q5 Actual'!AB50-'Q5 Actual'!AB49)/'Q5 Actual'!AB49*100,"NA") -> 0.23626698 | AD76: =IFERROR(('Q5 Actual'!AC50-'Q5 Actual'!AC49)/'Q5 Actual'!AC49*100,"NA") -> -0.31347962 | AE76: =IFERROR(('Q5 Actual'!AD50-'Q5 Actual'!AD49)/'Q5 Actual'!AD49*100,"NA") -> 0.4842615
... A93: Rural | B93: 2023 | C93: May | D93: =DATE(B93,MONTH(1&C93),1) -> 45047 | E93: -9.66 | F93: =IFERROR(('Q5 Actual'!W67-'Q5 Actual'!W66)/'Q5 Actual'!W66*100,"NA") -> 0.55096419 | G93: =IFERROR(('Q5 Actual'!Z67-'Q5 Actual'!Z66)/'Q5 Actual'!Z66*100,"NA") -> 0.17709563 | H93: =IFERROR(('Q5 Actual'!E67-'Q5 Actual'!E66)/'Q5 Actual'!E66*100,"NA") -> -0.057703405 | I93: =IFERROR(('Q5 Actual'!F67-'Q5 Actual'!F66)/'Q5 Actual'!F66*100,"NA") -> 2.2232963 | J93: =IFERROR(('Q5 Actual'!G67-'Q5 Actual'!G66)/'Q5 Actual'!G66*100,"NA") -> 1.8463371 | K93: =IFERROR(('Q5 Actual'!H67-'Q5 Actual'!H66)/'Q5 Actual'!H66*100,"NA") -> 0.78563412 | L93: =IFERROR(('Q5 Actual'!I67-'Q5 Actual'!I66)/'Q5 Actual'!I66*100,"NA") -> -2.9131653 | M93: =IFERROR(('Q5 Actual'!J67-'Q5 Actual'!J66)/'Q5 Actual'!J66*100,"NA") -> -2.7058146 | N93: =IFERROR(('Q5 Actual'!K67-'Q5 Actual'!K66)/'Q5 Actual'!K66*100,"NA") -> 4.1316527 | O93: =IFERROR(('Q5 Actual'!L67-'Q5 Actual'!L66)/'Q5 Actual'!L66*100,"NA") -> 1.2152778 | ... Y93: =IFERROR(('Q5 Actual'!V67-'Q5 Actual'!V66)/'Q5 Actual'!V66*100,"NA") -> 0.3908431 | Z93: =IFERROR(('Q5 Actual'!X67-'Q5 Actual'!X66)/'Q5 Actual'!X66*100,"NA") -> 0.32051282 | AA93: =IFERROR(('Q5 Actual'!Y67-'Q5 Actual'!Y66)/'Q5 Actual'!Y66*100,"NA") -> 0.59847661 | AB93: =IFERROR(('Q5 Actual'!AA67-'Q5 Actual'!AA66)/'Q5 Actual'!AA66*100,"NA") -> 0.34642032 | AC93: =IFERROR(('Q5 Actual'!AB67-'Q5 Actual'!AB66)/'Q5 Actual'!AB66*100,"NA") -> 0.50167224 | AD93: =IFERROR(('Q5 Actual'!AC67-'Q5 Actual'!AC66)/'Q5 Actual'!AC66*100,"NA") -> 0.20050125 | AE93: =IFERROR(('Q5 Actual'!AD67-'Q5 Actual'!AD66)/'Q5 Actual'!AD66*100,"NA") -> 0.3353829
A95: Categories | B95: Fuel | C95: Transport | D95: Cereals and products | E95: Meat and fish | F95: Egg | G95: Milk and products | H95: Oils and fats | I95: Fruits | J95: Vegetables | K95: Pulses and products | L95: Sugar and Confectionery | M95: Spices | N95: Non-alcoholic beverages | O95: Prepared meals, snacks, sweets etc. | P95: Food and beverages | Q95: Clothing | R95: Footwear | S95: Clothing and footwear | T95: Housing | U95: Household goods and services | V95: Health | W95: Personal care and effects | X95: Recreation and amusement | Y95: Education | Z95: Pan, tobacco and intoxicants | AA95: Miscellaneous
A96: Correlation with Crude Oil | B96: =CORREL(F65:F93,$E$65:$E$93) -> 0.19014686 | C96: =CORREL(G65:G93,$E$65:$E$93) -> 0.08515527 | D96: =CORREL(H65:H93,$E$65:$E$93) -> -0.27341287 | E96: =CORREL(I65:I93,$E$65:$E$93) -> 0.41461066 | F96: =CORREL(J65:J93,$E$65:$E$93) -> -0.22442531 | G96: =CORREL(K65:K93,$E$65:$E$93) -> -0.31650843 | H96: =CORREL(L65:L93,$E$65:$E$93) -> 0.46090324 | I96: =CORREL(M65:M93,$E$65:$E$93) -> 0.040141212 | ... AA96: =CORREL(AE65:AE93,$E$65:$E$93) -> 0.045178837
A98: Categories | B98: Correlation with Crude Oil
A99: Oils and fats | B99: 0.46090324
A100: Meat and fish | B100: 0.41461066
A101: Recreation and amusement | B101: 0.3267572
A102: Non-alcoholic beverages | B102: 0.27140509
A103: Fuel | B103: 0.19014686
A104: Pan, tobacco and intoxicants | B104: 0.17577405
A105: Footwear | B105: 0.15082603
A106: Prepared meals, snacks, sweets etc. | B106: 0.12132319
A107: Transport | B107: 0.08515527
A108: Clothing and footwear | B108: 0.068481523
A109: Health | B109: 0.061850692
A110: Clothing | B110: 0.045637687
... A124: Milk and products | B124: -0.31650843
A128: Sector | B128: Year | C128: Month | D128: Date | E128: Crude Oil | F128: Fuel | G128: Transport | H128: Cereals and products | I128: Meat and fish | J128: Egg | K128: Milk and products | L128: Oils and fats | M128: Fruits | N128: Vegetables | O128: Pulses and products | P128: Sugar and Confectionery | Q128: Spices | R128: Non-alcoholic beverages | S128: Prepared meals, snacks, sweets etc. | T128: Food and beverages | U128: Clothing | V128: Footwear | W128: Clothing and footwear | X128: Housing | Y128: Household goods and services | Z128: Health | AA128: Personal care and effects | AB128: Recreation and amusement | AC128: Education | AD128: Pan, tobacco and intoxicants | AE128: Miscellaneous
A129: Urban | B129: 2021 | C129: January | D129: =DATE(B129,MONTH(1&C129),1) -> 44197 | E129: 8.57 | F129: =IFERROR(('Q5 Actual'!W74-'Q5 Actual'!W73)/'Q5 Actual'!W73*100,"NA") -> 10.262346 | G129: =IFERROR(('Q5 Actual'!Z74-'Q5 Actual'!Z73)/'Q5 Actual'!Z73*100,"NA") -> 1.0332103 | H129: =IFERROR(('Q5 Actual'!E74-'Q5 Actual'!E73)/'Q5 Actual'!E73*100,"NA") -> -0.67114094 | I129: =IFERROR(('Q5 Actual'!F74-'Q5 Actual'!F73)/'Q5 Actual'!F73*100,"NA") -> -0.45988758 | J129: =IFERROR(('Q5 Actual'!G74-'Q5 Actual'!G73)/'Q5 Actual'!G73*100,"NA") -> 0.05608525 | K129: =IFERROR(('Q5 Actual'!H74-'Q5 Actual'!H73)/'Q5 Actual'!H73*100,"NA") -> 0.12970169 | L129: =IFERROR(('Q5 Actual'!I74-'Q5 Actual'!I73)/'Q5 Actual'!I73*100,"NA") -> 2.416489 | M129: =IFERROR(('Q5 Actual'!J74-'Q5 Actual'!J73)/'Q5 Actual'!J73*100,"NA") -> 1.9372077 | N129: =IFERROR(('Q5 Actual'!K74-'Q5 Actual'!K73)/'Q5 Actual'!K73*100,"NA") -> -14.155251 | O129: =IFERROR(('Q5 Actual'!L74-'Q5 Actual'!L73)/'Q5 Actual'!L73*100,"NA") -> 0.37151703 | ... Y129: =IFERROR(('Q5 Actual'!V74-'Q5 Actual'!V73)/'Q5 Actual'!V73*100,"NA") -> 0.13745704 | Z129: =IFERROR(('Q5 Actual'!X74-'Q5 Actual'!X73)/'Q5 Actual'!X73*100,"NA") -> 0.78482668 | AA129: =IFERROR(('Q5 Actual'!Y74-'Q5 Actual'!Y73)/'Q5 Actual'!Y73*100,"NA") -> -0.12666244 | AB129: =IFERROR(('Q5 Actual'!AA74-'Q5 Actual'!AA73)/'Q5 Actual'!AA73*100,"NA") -> 0.76230076 | AC129: =IFERROR(('Q5 Actual'!AB74-'Q5 Actual'!AB73)/'Q5 Actual'!AB73*100,"NA") -> -0.5098789 | AD129: =IFERROR(('Q5 Actual'!AC74-'Q5 Actual'!AC73)/'Q5 Actual'!AC73*100,"NA") -> 0.84121977 | AE129: =IFERROR(('Q5 Actual'!AD74-'Q5 Actual'!AD73)/'Q5 Actual'!AD73*100,"NA") -> 0.47651464
A130: Urban | B130: 2021 | C130: February | D130: =DATE(B130,MONTH(1&C130),1) -> 44228 | E130: 13.05 | F130: =IFERROR(('Q5 Actual'!W75-'Q5 Actual'!W74)/'Q5 Actual'!W74*100,"NA") -> 4.3386984 | G130: =IFERROR(('Q5 Actual'!Z75-'Q5 Actual'!Z74)/'Q5 Actual'!Z74*100,"NA") -> 2.6296567 | H130: =IFERROR(('Q5 Actual'!E75-'Q5 Actual'!E74)/'Q5 Actual'!E74*100,"NA") -> -0.27027027 | I130: =IFERROR(('Q5 Actual'!F75-'Q5 Actual'!F74)/'Q5 Actual'!F74*100,"NA") -> -1.8480493 | J130: =IFERROR(('Q5 Actual'!G75-'Q5 Actual'!G74)/'Q5 Actual'!G74*100,"NA") -> -4.764574 | K130: =IFERROR(('Q5 Actual'!H75-'Q5 Actual'!H74)/'Q5 Actual'!H74*100,"NA") -> 0.45336788 | L130: =IFERROR(('Q5 Actual'!I75-'Q5 Actual'!I74)/'Q5 Actual'!I74*100,"NA") -> 5.0659264 | M130: =IFERROR(('Q5 Actual'!J75-'Q5 Actual'!J74)/'Q5 Actual'!J74*100,"NA") -> 0.91743119 | N130: =IFERROR(('Q5 Actual'!K75-'Q5 Actual'!K74)/'Q5 Actual'!K74*100,"NA") -> -12.862669 | O130: =IFERROR(('Q5 Actual'!L75-'Q5 Actual'!L74)/'Q5 Actual'!L74*100,"NA") -> -1.4188772 | ... Y130: =IFERROR(('Q5 Actual'!V75-'Q5 Actual'!V74)/'Q5 Actual'!V74*100,"NA") -> 0.54907344 | Z130: =IFERROR(('Q5 Actual'!X75-'Q5 Actual'!X74)/'Q5 Actual'!X74*100,"NA") -> 1.4276444 | AA130: =IFERROR(('Q5 Actual'!Y75-'Q5 Actual'!Y74)/'Q5 Actual'!Y74*100,"NA") -> -0.63411541 | AB130: =IFERROR(('Q5 Actual'!AA75-'Q5 Actual'!AA74)/'Q5 Actual'!AA74*100,"NA") -> 1.30674 | AC130: =IFERROR(('Q5 Actual'!AB75-'Q5 Actual'!AB74)/'Q5 Actual'!AB74*100,"NA") -> 0.3203075 | AD130: =IFERROR(('Q5 Actual'!AC75-'Q5 Actual'!AC74)/'Q5 Actual'!AC74*100,"NA") -> 0.78206465 | AE130: =IFERROR(('Q5 Actual'!AD75-'Q5 Actual'!AD74)/'Q5 Actual'!AD74*100,"NA") -> 1.1517615
A131: Urban | B131: 2021 | C131: March | D131: =DATE(B131,MONTH(1&C131),1) -> 44256 | E131: 5.25 | F131: =IFERROR(('Q5 Actual'!W76-'Q5 Actual'!W75)/'Q5 Actual'!W75*100,"NA") -> 3.8229376 | G131: =IFERROR(('Q5 Actual'!Z76-'Q5 Actual'!Z75)/'Q5 Actual'!Z75*100,"NA") -> 0.85409253 | H131: =IFERROR(('Q5 Actual'!E76-'Q5 Actual'!E75)/'Q5 Actual'!E75*100,"NA") -> -0.067750678 | I131: =IFERROR(('Q5 Actual'!F76-'Q5 Actual'!F75)/'Q5 Actual'!F75*100,"NA") -> 3.2949791 | J131: =IFERROR(('Q5 Actual'!G76-'Q5 Actual'!G75)/'Q5 Actual'!G75*100,"NA") -> -3.0606239 | K131: =IFERROR(('Q5 Actual'!H76-'Q5 Actual'!H75)/'Q5 Actual'!H75*100,"NA") -> 0.32237266 | L131: =IFERROR(('Q5 Actual'!I76-'Q5 Actual'!I75)/'Q5 Actual'!I75*100,"NA") -> 3.3025099 | M131: =IFERROR(('Q5 Actual'!J76-'Q5 Actual'!J75)/'Q5 Actual'!J75*100,"NA") -> 2.1428571 | N131: =IFERROR(('Q5 Actual'!K76-'Q5 Actual'!K75)/'Q5 Actual'!K75*100,"NA") -> -7.8246393 | O131: =IFERROR(('Q5 Actual'!L76-'Q5 Actual'!L75)/'Q5 Actual'!L75*100,"NA") -> 0.8135169 | ... Y131: =IFERROR(('Q5 Actual'!V76-'Q5 Actual'!V75)/'Q5 Actual'!V75*100,"NA") -> 0.4778157 | Z131: =IFERROR(('Q5 Actual'!X76-'Q5 Actual'!X75)/'Q5 Actual'!X75*100,"NA") -> 0.38387716 | AA131: =IFERROR(('Q5 Actual'!Y76-'Q5 Actual'!Y75)/'Q5 Actual'!Y75*100,"NA") -> -1.1486918 | AB131: =IFERROR(('Q5 Actual'!AA76-'Q5 Actual'!AA75)/'Q5 Actual'!AA75*100,"NA") -> 0.88255261 | AC131: =IFERROR(('Q5 Actual'!AB76-'Q5 Actual'!AB75)/'Q5 Actual'!AB75*100,"NA") -> 0.6385696 | AD131: =IFERROR(('Q5 Actual'!AC76-'Q5 Actual'!AC75)/'Q5 Actual'!AC75*100,"NA") -> 0.10346611 | AE131: =IFERROR(('Q5 Actual'!AD76-'Q5 Actual'!AD75)/'Q5 Actual'!AD75*100,"NA") -> 0.46885466
A132: Urban | B132: 2021 | C132: April | D132: =DATE(B132,MONTH(1&C132),1) -> 44287 | E132: 1.57 | F132: =IFERROR(('Q5 Actual'!W77-'Q5 Actual'!W76)/'Q5 Actual'!W76*100,"NA") -> 0.064599483 | G132: =IFERROR(('Q5 Actual'!Z77-'Q5 Actual'!Z76)/'Q5 Actual'!Z76*100,"NA") -> 0.28228652 | H132: =IFERROR(('Q5 Actual'!E77-'Q5 Actual'!E76)/'Q5 Actual'!E76*100,"NA") -> 0.06779661 | I132: =IFERROR(('Q5 Actual'!F77-'Q5 Actual'!F76)/'Q5 Actual'!F76*100,"NA") -> 2.5316456 | J132: =IFERROR(('Q5 Actual'!G77-'Q5 Actual'!G76)/'Q5 Actual'!G76*100,"NA") -> 1.0321797 | K132: =IFERROR(('Q5 Actual'!H77-'Q5 Actual'!H76)/'Q5 Actual'!H76*100,"NA") -> 0.25706941 | L132: =IFERROR(('Q5 Actual'!I77-'Q5 Actual'!I76)/'Q5 Actual'!I76*100,"NA") -> 3.1969309 | M132: =IFERROR(('Q5 Actual'!J77-'Q5 Actual'!J76)/'Q5 Actual'!J76*100,"NA") -> 7.3108709 | N132: =IFERROR(('Q5 Actual'!K77-'Q5 Actual'!K76)/'Q5 Actual'!K76*100,"NA") -> -2.7092113 | O132: =IFERROR(('Q5 Actual'!L77-'Q5 Actual'!L76)/'Q5 Actual'!L76*100,"NA") -> 1.0552452 | ... Y132: =IFERROR(('Q5 Actual'!V77-'Q5 Actual'!V76)/'Q5 Actual'!V76*100,"NA") -> 0.27173913 | Z132: =IFERROR(('Q5 Actual'!X77-'Q5 Actual'!X76)/'Q5 Actual'!X76*100,"NA") -> 0.38240918 | AA132: =IFERROR(('Q5 Actual'!Y77-'Q5 Actual'!Y76)/'Q5 Actual'!Y76*100,"NA") -> 1.0974822 | AB132: =IFERROR(('Q5 Actual'!AA77-'Q5 Actual'!AA76)/'Q5 Actual'!AA76*100,"NA") -> 0.33647376 | AC132: =IFERROR(('Q5 Actual'!AB77-'Q5 Actual'!AB76)/'Q5 Actual'!AB76*100,"NA") -> 0 | AD132: =IFERROR(('Q5 Actual'!AC77-'Q5 Actual'!AC76)/'Q5 Actual'!AC76*100,"NA") -> 0.46511628 | AE132: =IFERROR(('Q5 Actual'!AD77-'Q5 Actual'!AD76)/'Q5 Actual'!AD76*100,"NA") -> 0.33333333
A133: Urban | B133: 2021 | C133: May | D133: =DATE(B133,MONTH(1&C133),1) -> 44317 | E133: 3.55 | F133: =IFERROR(('Q5 Actual'!W78-'Q5 Actual'!W77)/'Q5 Actual'!W77*100,"NA") -> 0.38734668 | G133: =IFERROR(('Q5 Actual'!Z78-'Q5 Actual'!Z77)/'Q5 Actual'!Z77*100,"NA") -> 2.0408163 | H133: =IFERROR(('Q5 Actual'!E78-'Q5 Actual'!E77)/'Q5 Actual'!E77*100,"NA") -> 0.81300813 | I133: =IFERROR(('Q5 Actual'!F78-'Q5 Actual'!F77)/'Q5 Actual'!F77*100,"NA") -> 0.88888889 | J133: =IFERROR(('Q5 Actual'!G78-'Q5 Actual'!G77)/'Q5 Actual'!G77*100,"NA") -> 3.9663462 | K133: =IFERROR(('Q5 Actual'!H78-'Q5 Actual'!H77)/'Q5 Actual'!H77*100,"NA") -> 0.32051282 | L133: =IFERROR(('Q5 Actual'!I78-'Q5 Actual'!I77)/'Q5 Actual'!I77*100,"NA") -> 4.5848823 | M133: =IFERROR(('Q5 Actual'!J78-'Q5 Actual'!J77)/'Q5 Actual'!J77*100,"NA") -> 2.1919431 | N133: =IFERROR(('Q5 Actual'!K78-'Q5 Actual'!K77)/'Q5 Actual'!K77*100,"NA") -> 3.0321782 | O133: =IFERROR(('Q5 Actual'!L78-'Q5 Actual'!L77)/'Q5 Actual'!L77*100,"NA") -> 1.9041769 | ... Y133: =IFERROR(('Q5 Actual'!V78-'Q5 Actual'!V77)/'Q5 Actual'!V77*100,"NA") -> 1.6937669 | Z133: =IFERROR(('Q5 Actual'!X78-'Q5 Actual'!X77)/'Q5 Actual'!X77*100,"NA") -> 1.8412698 | AA133: =IFERROR(('Q5 Actual'!Y78-'Q5 Actual'!Y77)/'Q5 Actual'!Y77*100,"NA") -> 0.57471264 | AB133: =IFERROR(('Q5 Actual'!AA78-'Q5 Actual'!AA77)/'Q5 Actual'!AA77*100,"NA") -> 2.3474178 | AC133: =IFERROR(('Q5 Actual'!AB78-'Q5 Actual'!AB77)/'Q5 Actual'!AB77*100,"NA") -> -0.63451777 | AD133: =IFERROR(('Q5 Actual'!AC78-'Q5 Actual'!AC77)/'Q5 Actual'!AC77*100,"NA") -> 1.9547325 | AE133: =IFERROR(('Q5 Actual'!AD78-'Q5 Actual'!AD77)/'Q5 Actual'!AD77*100,"NA") -> 1.1960133
A134: Urban | B134: 2021 | C134: June | D134: =DATE(B134,MONTH(1&C134),1) -> 44348 | E134: 7.69 | F134: =IFERROR(('Q5 Actual'!W79-'Q5 Actual'!W78)/'Q5 Actual'!W78*100,"NA") -> 0.38585209 | G134: =IFERROR(('Q5 Actual'!Z79-'Q5 Actual'!Z78)/'Q5 Actual'!Z78*100,"NA") -> 1.7241379 | H134: =IFERROR(('Q5 Actual'!E79-'Q5 Actual'!E78)/'Q5 Actual'!E78*100,"NA") -> 0.2688172 | I134: =IFERROR(('Q5 Actual'!F79-'Q5 Actual'!F78)/'Q5 Actual'!F78*100,"NA") -> 0.58737151 | J134: =IFERROR(('Q5 Actual'!G79-'Q5 Actual'!G78)/'Q5 Actual'!G78*100,"NA") -> 5.6647399 | K134: =IFERROR(('Q5 Actual'!H79-'Q5 Actual'!H78)/'Q5 Actual'!H78*100,"NA") -> 0 | L134: =IFERROR(('Q5 Actual'!I79-'Q5 Actual'!I78)/'Q5 Actual'!I78*100,"NA") -> 2.014218 | M134: =IFERROR(('Q5 Actual'!J79-'Q5 Actual'!J78)/'Q5 Actual'!J78*100,"NA") -> -0.57971014 | N134: =IFERROR(('Q5 Actual'!K79-'Q5 Actual'!K78)/'Q5 Actual'!K78*100,"NA") -> 5.8258258 | O134: =IFERROR(('Q5 Actual'!L79-'Q5 Actual'!L78)/'Q5 Actual'!L78*100,"NA") -> 0.60277275 | ... Y134: =IFERROR(('Q5 Actual'!V79-'Q5 Actual'!V78)/'Q5 Actual'!V78*100,"NA") -> -0.19986676 | Z134: =IFERROR(('Q5 Actual'!X79-'Q5 Actual'!X78)/'Q5 Actual'!X78*100,"NA") -> 0.24937656 | AA134: =IFERROR(('Q5 Actual'!Y79-'Q5 Actual'!Y78)/'Q5 Actual'!Y78*100,"NA") -> 0.31746032 | AB134: =IFERROR(('Q5 Actual'!AA79-'Q5 Actual'!AA78)/'Q5 Actual'!AA78*100,"NA") -> -1.2450852 | AC134: =IFERROR(('Q5 Actual'!AB79-'Q5 Actual'!AB78)/'Q5 Actual'!AB78*100,"NA") -> 0.95785441 | AD134: =IFERROR(('Q5 Actual'!AC79-'Q5 Actual'!AC78)/'Q5 Actual'!AC78*100,"NA") -> -1.3118063 | AE134: =IFERROR(('Q5 Actual'!AD79-'Q5 Actual'!AD78)/'Q5 Actual'!AD78*100,"NA") -> 0.7222587
A135: Urban | B135: 2021 | C135: July | D135: =DATE(B135,MONTH(1&C135),1) -> 44378 | E135: 3.14 | F135: =IFERROR(('Q5 Actual'!W80-'Q5 Actual'!W79)/'Q5 Actual'!W79*100,"NA") -> 1.024984 | G135: =IFERROR(('Q5 Actual'!Z80-'Q5 Actual'!Z79)/'Q5 Actual'!Z79*100,"NA") -> 1.3559322 | H135: =IFERROR(('Q5 Actual'!E80-'Q5 Actual'!E79)/'Q5 Actual'!E79*100,"NA") -> -0.067024129 | I135: =IFERROR(('Q5 Actual'!F80-'Q5 Actual'!F79)/'Q5 Actual'!F79*100,"NA") -> 2.6277372 | J135: =IFERROR(('Q5 Actual'!G80-'Q5 Actual'!G79)/'Q5 Actual'!G79*100,"NA") -> 1.2035011 | K135: =IFERROR(('Q5 Actual'!H80-'Q5 Actual'!H79)/'Q5 Actual'!H79*100,"NA") -> 1.086262 | L135: =IFERROR(('Q5 Actual'!I80-'Q5 Actual'!I79)/'Q5 Actual'!I79*100,"NA") -> -0.92915215 | M135: =IFERROR(('Q5 Actual'!J80-'Q5 Actual'!J79)/'Q5 Actual'!J79*100,"NA") -> -0.34985423 | N135: =IFERROR(('Q5 Actual'!K80-'Q5 Actual'!K79)/'Q5 Actual'!K79*100,"NA") -> 5.7888763 | O135: =IFERROR(('Q5 Actual'!L80-'Q5 Actual'!L79)/'Q5 Actual'!L79*100,"NA") -> -1.3181546 | ... Y135: =IFERROR(('Q5 Actual'!V80-'Q5 Actual'!V79)/'Q5 Actual'!V79*100,"NA") -> 0.60080107 | Z135: =IFERROR(('Q5 Actual'!X80-'Q5 Actual'!X79)/'Q5 Actual'!X79*100,"NA") -> 0.43532338 | AA135: =IFERROR(('Q5 Actual'!Y80-'Q5 Actual'!Y79)/'Q5 Actual'!Y79*100,"NA") -> 1.0126582 | AB135: =IFERROR(('Q5 Actual'!AA80-'Q5 Actual'!AA79)/'Q5 Actual'!AA79*100,"NA") -> 0.331785 | AC135: =IFERROR(('Q5 Actual'!AB80-'Q5 Actual'!AB79)/'Q5 Actual'!AB79*100,"NA") -> 1.3915244 | AD135: =IFERROR(('Q5 Actual'!AC80-'Q5 Actual'!AC79)/'Q5 Actual'!AC79*100,"NA") -> -0.051124744 | AE135: =IFERROR(('Q5 Actual'!AD80-'Q5 Actual'!AD79)/'Q5 Actual'!AD79*100,"NA") -> 1.0430248
A136: Urban | B136: 2021 | C136: August | D136: =DATE(B136,MONTH(1&C136),1) -> 44409 | E136: -6.31 | F136: =IFERROR(('Q5 Actual'!W81-'Q5 Actual'!W80)/'Q5 Actual'!W80*100,"NA") -> 1.9023462 | G136: =IFERROR(('Q5 Actual'!Z81-'Q5 Actual'!Z80)/'Q5 Actual'!Z80*100,"NA") -> 0.60200669 | H136: =IFERROR(('Q5 Actual'!E81-'Q5 Actual'!E80)/'Q5 Actual'!E80*100,"NA") -> 0.13413816 | I136: =IFERROR(('Q5 Actual'!F81-'Q5 Actual'!F80)/'Q5 Actual'!F80*100,"NA") -> -1.6595543 | J136: =IFERROR(('Q5 Actual'!G81-'Q5 Actual'!G80)/'Q5 Actual'!G80*100,"NA") -> -5.8918919 | K136: =IFERROR(('Q5 Actual'!H81-'Q5 Actual'!H80)/'Q5 Actual'!H80*100,"NA") -> 0.63211125 | L136: =IFERROR(('Q5 Actual'!I81-'Q5 Actual'!I80)/'Q5 Actual'!I80*100,"NA") -> 2.5791325 | M136: =IFERROR(('Q5 Actual'!J81-'Q5 Actual'!J80)/'Q5 Actual'!J80*100,"NA") -> -5.6173201 | N136: =IFERROR(('Q5 Actual'!K81-'Q5 Actual'!K80)/'Q5 Actual'!K80*100,"NA") -> -1.6630901 | O136: =IFERROR(('Q5 Actual'!L81-'Q5 Actual'!L80)/'Q5 Actual'!L80*100,"NA") -> -0.12143291 | ... Y136: =IFERROR(('Q5 Actual'!V81-'Q5 Actual'!V80)/'Q5 Actual'!V80*100,"NA") -> 1.658925 | Z136: =IFERROR(('Q5 Actual'!X81-'Q5 Actual'!X80)/'Q5 Actual'!X80*100,"NA") -> 0.80495356 | AA136: =IFERROR(('Q5 Actual'!Y81-'Q5 Actual'!Y80)/'Q5 Actual'!Y80*100,"NA") -> 0 | AB136: =IFERROR(('Q5 Actual'!AA81-'Q5 Actual'!AA80)/'Q5 Actual'!AA80*100,"NA") -> 1.6534392 | AC136: =IFERROR(('Q5 Actual'!AB81-'Q5 Actual'!AB80)/'Q5 Actual'!AB80*100,"NA") -> 0.062383032 | AD136: =IFERROR(('Q5 Actual'!AC81-'Q5 Actual'!AC80)/'Q5 Actual'!AC80*100,"NA") -> 0.51150895 | AE136: =IFERROR(('Q5 Actual'!AD81-'Q5 Actual'!AD80)/'Q5 Actual'!AD80*100,"NA") -> 0.64516129
A137: Urban | B137: 2021 | C137: September | D137: =DATE(B137,MONTH(1&C137),1) -> 44440 | E137: 5.73 | F137: =IFERROR(('Q5 Actual'!W82-'Q5 Actual'!W81)/'Q5 Actual'!W81*100,"NA") -> 0.062227754 | G137: =IFERROR(('Q5 Actual'!Z82-'Q5 Actual'!Z81)/'Q5 Actual'!Z81*100,"NA") -> 0.066489362 | H137: =IFERROR(('Q5 Actual'!E82-'Q5 Actual'!E81)/'Q5 Actual'!E81*100,"NA") -> 0 | I137: =IFERROR(('Q5 Actual'!F82-'Q5 Actual'!F81)/'Q5 Actual'!F81*100,"NA") -> 0 | J137: =IFERROR(('Q5 Actual'!G82-'Q5 Actual'!G81)/'Q5 Actual'!G81*100,"NA") -> 0 | K137: =IFERROR(('Q5 Actual'!H82-'Q5 Actual'!H81)/'Q5 Actual'!H81*100,"NA") -> -0.06281407 | L137: =IFERROR(('Q5 Actual'!I82-'Q5 Actual'!I81)/'Q5 Actual'!I81*100,"NA") -> 0 | M137: =IFERROR(('Q5 Actual'!J82-'Q5 Actual'!J81)/'Q5 Actual'!J81*100,"NA") -> -0.06199628 | N137: =IFERROR(('Q5 Actual'!K82-'Q5 Actual'!K81)/'Q5 Actual'!K81*100,"NA") -> 0.10911075 | O137: =IFERROR(('Q5 Actual'!L82-'Q5 Actual'!L81)/'Q5 Actual'!L81*100,"NA") -> 0 | ... Y137: =IFERROR(('Q5 Actual'!V82-'Q5 Actual'!V81)/'Q5 Actual'!V81*100,"NA") -> 0.065274151 | Z137: =IFERROR(('Q5 Actual'!X82-'Q5 Actual'!X81)/'Q5 Actual'!X81*100,"NA") -> 0 | AA137: =IFERROR(('Q5 Actual'!Y82-'Q5 Actual'!Y81)/'Q5 Actual'!Y81*100,"NA") -> 0 | AB137: =IFERROR(('Q5 Actual'!AA82-'Q5 Actual'!AA81)/'Q5 Actual'!AA81*100,"NA") -> 0.13012362 | AC137: =IFERROR(('Q5 Actual'!AB82-'Q5 Actual'!AB81)/'Q5 Actual'!AB81*100,"NA") -> -0.06234414 | AD137: =IFERROR(('Q5 Actual'!AC82-'Q5 Actual'!AC81)/'Q5 Actual'!AC81*100,"NA") -> 0 | AE137: =IFERROR(('Q5 Actual'!AD82-'Q5 Actual'!AD81)/'Q5 Actual'!AD81*100,"NA") -> 0
A138: Urban | B138: 2021 | C138: October | D138: =DATE(B138,MONTH(1&C138),1) -> 44470 | E138: 14.09 | F138: =IFERROR(('Q5 Actual'!W83-'Q5 Actual'!W82)/'Q5 Actual'!W82*100,"NA") -> 0.87064677 | G138: =IFERROR(('Q5 Actual'!Z83-'Q5 Actual'!Z82)/'Q5 Actual'!Z82*100,"NA") -> 1.1295681 | H138: =IFERROR(('Q5 Actual'!E83-'Q5 Actual'!E82)/'Q5 Actual'!E82*100,"NA") -> 0.53583389 | I138: =IFERROR(('Q5 Actual'!F83-'Q5 Actual'!F82)/'Q5 Actual'!F82*100,"NA") -> 0.48216008 | J138: =IFERROR(('Q5 Actual'!G83-'Q5 Actual'!G82)/'Q5 Actual'!G82*100,"NA") -> -0.63182079 | K138: =IFERROR(('Q5 Actual'!H83-'Q5 Actual'!H82)/'Q5 Actual'!H82*100,"NA") -> 0.062853551 | L138: =IFERROR(('Q5 Actual'!I83-'Q5 Actual'!I82)/'Q5 Actual'!I82*100,"NA") -> 0.91428571 | M138: =IFERROR(('Q5 Actual'!J83-'Q5 Actual'!J82)/'Q5 Actual'!J82*100,"NA") -> -1.17866 | N138: =IFERROR(('Q5 Actual'!K83-'Q5 Actual'!K82)/'Q5 Actual'!K82*100,"NA") -> 16.839237 | O138: =IFERROR(('Q5 Actual'!L83-'Q5 Actual'!L82)/'Q5 Actual'!L82*100,"NA") -> 0.48632219 | ... Y138: =IFERROR(('Q5 Actual'!V83-'Q5 Actual'!V82)/'Q5 Actual'!V82*100,"NA") -> 0.65231572 | Z138: =IFERROR(('Q5 Actual'!X83-'Q5 Actual'!X82)/'Q5 Actual'!X82*100,"NA") -> 0.42997543 | AA138: =IFERROR(('Q5 Actual'!Y83-'Q5 Actual'!Y82)/'Q5 Actual'!Y82*100,"NA") -> 0.43859649 | AB138: =IFERROR(('Q5 Actual'!AA83-'Q5 Actual'!AA82)/'Q5 Actual'!AA82*100,"NA") -> 0.7797271 | AC138: =IFERROR(('Q5 Actual'!AB83-'Q5 Actual'!AB82)/'Q5 Actual'!AB82*100,"NA") -> 0 | AD138: =IFERROR(('Q5 Actual'!AC83-'Q5 Actual'!AC82)/'Q5 Actual'!AC82*100,"NA") -> 0.25445293 | AE138: =IFERROR(('Q5 Actual'!AD83-'Q5 Actual'!AD82)/'Q5 Actual'!AD82*100,"NA") -> 0.64102564
A139: Urban | B139: 2021 | C139: November | D139: =DATE(B139,MONTH(1&C139),1) -> 44501 | E139: -3.98 | F139: =IFERROR(('Q5 Actual'!W84-'Q5 Actual'!W83)/'Q5 Actual'!W83*100,"NA") -> -0.36991369 | G139: =IFERROR(('Q5 Actual'!Z84-'Q5 Actual'!Z83)/'Q5 Actual'!Z83*100,"NA") -> -0.65703022 | H139: =IFERROR(('Q5 Actual'!E84-'Q5 Actual'!E83)/'Q5 Actual'!E83*100,"NA") -> 0.59960027 | I139: =IFERROR(('Q5 Actual'!F84-'Q5 Actual'!F83)/'Q5 Actual'!F83*100,"NA") -> -1.6794626 | J139: =IFERROR(('Q5 Actual'!G84-'Q5 Actual'!G83)/'Q5 Actual'!G83*100,"NA") -> 1.3872832 | K139: =IFERROR(('Q5 Actual'!H84-'Q5 Actual'!H83)/'Q5 Actual'!H83*100,"NA") -> 0.25125628 | L139: =IFERROR(('Q5 Actual'!I84-'Q5 Actual'!I83)/'Q5 Actual'!I83*100,"NA") -> -0.45300113 | M139: =IFERROR(('Q5 Actual'!J84-'Q5 Actual'!J83)/'Q5 Actual'!J83*100,"NA") -> 0.62774639 | N139: =IFERROR(('Q5 Actual'!K84-'Q5 Actual'!K83)/'Q5 Actual'!K83*100,"NA") -> 6.8563433 | O139: =IFERROR(('Q5 Actual'!L84-'Q5 Actual'!L83)/'Q5 Actual'!L83*100,"NA") -> -0.12099214 | ... Y139: =IFERROR(('Q5 Actual'!V84-'Q5 Actual'!V83)/'Q5 Actual'!V83*100,"NA") -> 0.58327933 | Z139: =IFERROR(('Q5 Actual'!X84-'Q5 Actual'!X83)/'Q5 Actual'!X83*100,"NA") -> 0.42813456 | AA139: =IFERROR(('Q5 Actual'!Y84-'Q5 Actual'!Y83)/'Q5 Actual'!Y83*100,"NA") -> 0.93574548 | AB139: =IFERROR(('Q5 Actual'!AA84-'Q5 Actual'!AA83)/'Q5 Actual'!AA83*100,"NA") -> 1.0315925 | AC139: =IFERROR(('Q5 Actual'!AB84-'Q5 Actual'!AB83)/'Q5 Actual'!AB83*100,"NA") -> 0.31191516 | AD139: =IFERROR(('Q5 Actual'!AC84-'Q5 Actual'!AC83)/'Q5 Actual'!AC83*100,"NA") -> 0 | AE139: =IFERROR(('Q5 Actual'!AD84-'Q5 Actual'!AD83)/'Q5 Actual'!AD83*100,"NA") -> 0.1910828
A140: Urban | B140: 2021 | C140: December | D140: =DATE(B140,MONTH(1&C140),1) -> 44531 | E140: -6.69 | F140: =IFERROR(('Q5 Actual'!W85-'Q5 Actual'!W84)/'Q5 Actual'!W84*100,"NA") -> 0.061881188 | G140: =IFERROR(('Q5 Actual'!Z85-'Q5 Actual'!Z84)/'Q5 Actual'!Z84*100,"NA") -> 0.3968254 | H140: =IFERROR(('Q5 Actual'!E85-'Q5 Actual'!E84)/'Q5 Actual'!E84*100,"NA") -> 0.39735099 | I140: =IFERROR(('Q5 Actual'!F85-'Q5 Actual'!F84)/'Q5 Actual'!F84*100,"NA") -> -1.317716 | J140: =IFERROR(('Q5 Actual'!G85-'Q5 Actual'!G84)/'Q5 Actual'!G84*100,"NA") -> 2.622577 | K140: =IFERROR(('Q5 Actual'!H85-'Q5 Actual'!H84)/'Q5 Actual'!H84*100,"NA") -> 0.25062657 | L140: =IFERROR(('Q5 Actual'!I85-'Q5 Actual'!I84)/'Q5 Actual'!I84*100,"NA") -> -1.3083049 | M140: =IFERROR(('Q5 Actual'!J85-'Q5 Actual'!J84)/'Q5 Actual'!J84*100,"NA") -> -1.2476606 | N140: =IFERROR(('Q5 Actual'!K85-'Q5 Actual'!K84)/'Q5 Actual'!K84*100,"NA") -> -4.1903099 | O140: =IFERROR(('Q5 Actual'!L85-'Q5 Actual'!L84)/'Q5 Actual'!L84*100,"NA") -> -0.54512417 | ... Y140: =IFERROR(('Q5 Actual'!V85-'Q5 Actual'!V84)/'Q5 Actual'!V84*100,"NA") -> 0.51546392 | Z140: =IFERROR(('Q5 Actual'!X85-'Q5 Actual'!X84)/'Q5 Actual'!X84*100,"NA") -> 0.54811206 | AA140: =IFERROR(('Q5 Actual'!Y85-'Q5 Actual'!Y84)/'Q5 Actual'!Y84*100,"NA") -> 0.37082818 | AB140: =IFERROR(('Q5 Actual'!AA85-'Q5 Actual'!AA84)/'Q5 Actual'!AA84*100,"NA") -> 0.57434588 | AC140: =IFERROR(('Q5 Actual'!AB85-'Q5 Actual'!AB84)/'Q5 Actual'!AB84*100,"NA") -> -0.12437811 | AD140: =IFERROR(('Q5 Actual'!AC85-'Q5 Actual'!AC84)/'Q5 Actual'!AC84*100,"NA") -> -0.10152284 | AE140: =IFERROR(('Q5 Actual'!AD85-'Q5 Actual'!AD84)/'Q5 Actual'!AD84*100,"NA") -> 0.31786395
... A157: Urban | B157: 2023 | C157: May | D157: =DATE(B157,MONTH(1&C157),1) -> 45047 | E157: -9.66 | F157: =IFERROR(('Q5 Actual'!W102-'Q5 Actual'!W101)/'Q5 Actual'!W101*100,"NA") -> 0.71389347 | G157: =IFERROR(('Q5 Actual'!Z102-'Q5 Actual'!Z101)/'Q5 Actual'!Z101*100,"NA") -> 0.18738289 | H157: =IFERROR(('Q5 Actual'!E102-'Q5 Actual'!E101)/'Q5 Actual'!E101*100,"NA") -> -0.057208238 | I157: =IFERROR(('Q5 Actual'!F102-'Q5 Actual'!F101)/'Q5 Actual'!F101*100,"NA") -> 2.6672906 | J157: =IFERROR(('Q5 Actual'!G102-'Q5 Actual'!G101)/'Q5 Actual'!G101*100,"NA") -> 2.4941995 | K157: =IFERROR(('Q5 Actual'!H102-'Q5 Actual'!H101)/'Q5 Actual'!H101*100,"NA") -> 0.33557047 | L157: =IFERROR(('Q5 Actual'!I102-'Q5 Actual'!I101)/'Q5 Actual'!I101*100,"NA") -> -2.5489034 | M157: =IFERROR(('Q5 Actual'!J102-'Q5 Actual'!J101)/'Q5 Actual'!J101*100,"NA") -> -1.8973214 | N157: =IFERROR(('Q5 Actual'!K102-'Q5 Actual'!K101)/'Q5 Actual'!K101*100,"NA") -> 2.8349083 | O157: =IFERROR(('Q5 Actual'!L102-'Q5 Actual'!L101)/'Q5 Actual'!L101*100,"NA") -> 1.2593017 | ... Y157: =IFERROR(('Q5 Actual'!V102-'Q5 Actual'!V101)/'Q5 Actual'!V101*100,"NA") -> 0.29481132 | Z157: =IFERROR(('Q5 Actual'!X102-'Q5 Actual'!X101)/'Q5 Actual'!X101*100,"NA") -> 0.38567493 | AA157: =IFERROR(('Q5 Actual'!Y102-'Q5 Actual'!Y101)/'Q5 Actual'!Y101*100,"NA") -> 0.65075922 | AB157: =IFERROR(('Q5 Actual'!AA102-'Q5 Actual'!AA101)/'Q5 Actual'!AA101*100,"NA") -> 0.23696682 | AC157: =IFERROR(('Q5 Actual'!AB102-'Q5 Actual'!AB101)/'Q5 Actual'!AB101*100,"NA") -> 0.34443169 | AD157: =IFERROR(('Q5 Actual'!AC102-'Q5 Actual'!AC101)/'Q5 Actual'!AC101*100,"NA") -> 0.34398034 | AE157: =IFERROR(('Q5 Actual'!AD102-'Q5 Actual'!AD101)/'Q5 Actual'!AD101*100,"NA") -> 0.40959626
A159: Categories | B159: Fuel | C159: Transport | D159: Cereals and products | E159: Meat and fish | F159: Egg | G159: Milk and products | H159: Oils and fats | I159: Fruits | J159: Vegetables | K159: Pulses and products | L159: Sugar and Confectionery | M159: Spices | N159: Non-alcoholic beverages | O159: Prepared meals, snacks, sweets etc. | P159: Food and beverages | Q159: Clothing | R159: Footwear | S159: Clothing and footwear | T159: Housing | U159: Household goods and services | V159: Health | W159: Personal care and effects | X159: Recreation and amusement | Y159: Education | Z159: Pan, tobacco and intoxicants | AA159: Miscellaneous
A160: Correlation with Crude Oil | B160: =CORREL(E129:E157,F129:F157) -> 0.17201782 | C160: =CORREL(F129:F157,G129:G157) -> 0.39998265 | D160: =CORREL(G129:G157,H129:H157) -> -0.15034013 | E160: =CORREL(H129:H157,I129:I157) -> -0.16714357 | F160: =CORREL(I129:I157,J129:J157) -> 0.053502206 | G160: =CORREL(J129:J157,K129:K157) -> -0.34815785 | H160: =CORREL(K129:K157,L129:L157) -> -0.11571291 | I160: =CORREL(L129:L157,M129:M157) -> 0.20663553 | ... AA160: =CORREL(AD129:AD157,AE129:AE157) -> 0.19116995
B161: 0.17201782 | C161: 0.39998265 | D161: -0.15034013 | E161: -0.16714357 | F161: 0.053502206 | G161: -0.34815785 | H161: -0.11571291 | I161: 0.20663553 | J161: -0.062515884 | K161: 0.20433911 | L161: 0.33608486 | M161: 0.13831125 | N161: -0.33612371 | O161: 0.40506862 | P161: -0.055239999 | Q161: -0.023277328 | R161: 0.68868185 | S161: 0.78917667 | T161: 0.19893778 | U161: 0.22362153 | V161: 0.61508443 | W161: 0.02237213 | X161: -0.16641717 | Y161: -0.39856581 | Z161: -0.48005438 | AA161: 0.19116995
A162: Categories | B162: Correlation with Crude Oil
A163: Clothing and footwear | B163: 0.78917667
A164: Footwear | B164: 0.68868185
A165: Health | B165: 0.61508443
A166: Prepared meals, snacks, sweets etc. | B166: 0.40506862
A167: Transport | B167: 0.39998265
A168: Sugar and Confectionery | B168: 0.33608486
A169: Household goods and services | B169: 0.22362153
A170: Fruits | B170: 0.20663553
A171: Pulses and products | B171: 0.20433911
A172: Housing | B172: 0.19893778
A173: Miscellaneous | B173: 0.19116995
...

Sheet Q5 Actual
A1: Rural+Urban
A2: Sector | B2: Year | C2: Month | D2: Date | E2: Cereals and products | F2: Meat and fish | G2: Egg | H2: Milk and products | I2: Oils and fats | J2: Fruits | K2: Vegetables | L2: Pulses and products | M2: Sugar and Confectionery | N2: Spices | O2: Non-alcoholic beverages | P2: Prepared meals, snacks, sweets etc. | Q2: Food and beverages | R2: Clothing | S2: Footwear | T2: Clothing and footwear | U2: Housing | V2: Household goods and services | W2: Fuel and light | X2: Health | Y2: Personal care and effects | Z2: Transport and communication | AA2: Recreation and amusement | AB2: Education | AC2: Pan, tobacco and intoxicants | AD2: Miscellaneous
A3: Rural+Urban | B3: 2020 | C3: December | D3: =DATE(B3,MONTH(1&C3),1) -> 44166 | E3: 146 | F3: 191 | G3: 175.3 | H3: 154.1 | I3: 146.6 | J3: 147.7 | K3: 230.5 | L3: 160.2 | M3: 115.3 | N3: 163 | O3: 149.2 | P3: 164.8 | Q3: 165.4 | R3: 155 | S3: 145.4 | T3: 153.6 | U3: 158.4 | V3: 149.7 | W3: 144.6 | X3: 158.3 | Y3: 157.1 | Z3: 140.7 | AA3: 148.5 | AB3: 159.4 | AC3: 185.4 | AD3: 151.2
A4: Rural+Urban | B4: 2021 | C4: January | D4: =DATE(B4,MONTH(1&C4),1) -> 44197 | E4: 144.9 | F4: 190.1 | G4: 175.3 | H4: 154.1 | I4: 150.9 | J4: 149.6 | K4: 194.2 | L4: 160.4 | M4: 114.6 | N4: 164 | O4: 151.8 | P4: 165.6 | Q4: 161 | R4: 155.5 | S4: 146.1 | T4: 154.2 | U4: 157.7 | V4: 150 | W4: 147.9 | X4: 159.3 | Y4: 156.8 | Z4: 141.9 | AA4: 149.6 | AB4: 159.2 | AC4: 186.5 | AD4: 151.9
A5: Rural+Urban | B5: 2021 | C5: February | D5: =DATE(B5,MONTH(1&C5),1) -> 44228 | E5: 144.3 | F5: 186.5 | G5: 168.7 | H5: 154.7 | I5: 158.7 | J5: 150.7 | K5: 160 | L5: 158.8 | M5: 112.8 | N5: 164.2 | O5: 155.5 | P5: 167.5 | Q5: 156.9 | R5: 157.2 | S5: 147.4 | T5: 155.8 | U5: 159.8 | V5: 150.9 | W5: 152.4 | X5: 161.3 | Y5: 155.8 | Z5: 145.1 | AA5: 151.5 | AB5: 159.5 | AC5: 188.3 | AD5: 153.4
A6: Rural+Urban | B6: 2021 | C6: March | D6: =DATE(B6,MONTH(1&C6),1) -> 44256 | E6: 144.1 | F6: 192.2 | G6: 163.8 | H6: 154.9 | I6: 163.9 | J6: 153.7 | K6: 149.5 | L6: 159.8 | M6: 112.6 | N6: 163.5 | O6: 156.5 | P6: 168.2 | Q6: 156.7 | R6: 157.8 | S6: 147.9 | T6: 156.4 | U6: 159.9 | V6: 151.2 | W6: 155.5 | X6: 161.7 | Y6: 153.8 | Z6: 146.2 | AA6: 152.6 | AB6: 160.2 | AC6: 188.1 | AD6: 153.8
A7: Rural+Urban | B7: 2021 | C7: April | D7: =DATE(B7,MONTH(1&C7),1) -> 44287 | E7: 144.3 | F7: 198 | G7: 164.6 | H7: 155.4 | I7: 170.1 | J7: 164.4 | K7: 144.1 | L7: 161.7 | M7: 113.1 | N7: 163.9 | O7: 157.6 | P7: 168.9 | Q7: 158 | R7: 158.8 | S7: 148.5 | T7: 157.3 | U7: 161.4 | V7: 151.8 | W7: 155.6 | X7: 162.3 | Y7: 155.4 | Z7: 146.6 | AA7: 153.2 | AB7: 160.3 | AC7: 188.8 | AD7: 154.4
A8: Rural+Urban | B8: 2021 | C8: May | D8: =DATE(B8,MONTH(1&C8),1) -> 44317 | E8: 146.3 | F8: 200.5 | G8: 170.3 | H8: 156.1 | I8: 178.7 | J8: 167.1 | K8: 147.9 | L8: 165.4 | M8: 114.8 | N8: 168.2 | O8: 159.3 | P8: 170.4 | Q8: 160.7 | R8: 161.8 | S8: 152.1 | T8: 160.4 | U8: 161.6 | V8: 154.7 | W8: 159.4 | X8: 165.8 | Y8: 158.6 | Z8: 148.9 | AA8: 155.8 | AB8: 161.2 | AC8: 191.9 | AD8: 156.8
A9: Rural+Urban | B9: 2021 | C9: June | D9: =DATE(B9,MONTH(1&C9),1) -> 44348 | E9: 146.7 | F9: 202 | G9: 180.7 | H9: 156.2 | I9: 183.7 | J9: 164.6 | K9: 155.4 | L9: 166 | M9: 115.1 | N9: 168.5 | O9: 160 | P9: 172.4 | Q9: 162.6 | R9: 162.2 | S9: 151.8 | T9: 160.7 | U9: 160.5 | V9: 154.8 | W9: 159.8 | X9: 166.3 | Y9: 158.8 | Z9: 150.7 | AA9: 154.9 | AB9: 161.7 | AC9: 190.8 | AD9: 157.6
A10: Rural+Urban | B10: 2021 | C10: July | D10: =DATE(B10,MONTH(1&C10),1) -> 44378 | E10: 146.4 | F10: 206.8 | G10: 182.2 | H10: 157.5 | I10: 182.1 | J10: 163.9 | K10: 164.2 | L10: 164 | M10: 114.5 | N10: 168.3 | O10: 160.9 | P10: 172.2 | Q10: 164 | R10: 162.8 | S10: 153.1 | T10: 161.4 | U10: 161.5 | V10: 155.8 | W10: 160.7 | X10: 167 | Y10: 160.1 | Z10: 153.1 | AA10: 155.3 | AB10: 163.2 | AC10: 191.2 | AD10: 159
A11: Rural+Urban | B11: 2021 | C11: August | D11: =DATE(B11,MONTH(1&C11),1) -> 44409 | E11: 146.6 | F11: 204 | G11: 172.8 | H11: 158.4 | I11: 188 | J11: 156.8 | K11: 162.2 | L11: 164.1 | M11: 119.7 | N11: 168.8 | O11: 162.7 | P11: 173.9 | Q11: 164 | R11: 164.5 | S11: 155.3 | T11: 163.2 | U11: 162.1 | V11: 157.5 | W11: 161.8 | X11: 168.4 | Y11: 160 | Z11: 153 | AA11: 157.6 | AB11: 163.8 | AC11: 192.1 | AD11: 160
A12: Rural+Urban | B12: 2021 | C12: September | D12: =DATE(B12,MONTH(1&C12),1) -> 44440 | E12: 146.6 | F12: 204 | G12: 172.8 | H12: 158.4 | I12: 188 | J12: 156.7 | K12: 162.3 | L12: 164.1 | M12: 119.7 | N12: 168.8 | O12: 162.7 | P12: 173.9 | Q12: 164 | R12: 164.6 | S12: 155.3 | T12: 163.3 | U12: 162.1 | V12: 157.5 | W12: 162.6 | X12: 168.4 | Y12: 160 | Z12: 154 | AA12: 157.7 | AB12: 163.7 | AC12: 192.1 | AD12: 160
A13: Rural+Urban | B13: 2021 | C13: October | D13: =DATE(B13,MONTH(1&C13),1) -> 44470 | E13: 147.4 | F13: 204.6 | G13: 171.2 | H13: 158.7 | I13: 190.6 | J13: 155.7 | K13: 185.3 | L13: 165.2 | M13: 121.9 | N13: 169.3 | O13: 163.2 | P13: 174.7 | Q13: 167.7 | R13: 165.7 | S13: 156.3 | T13: 164.3 | U13: 163.6 | V13: 158.4 | W13: 164.2 | X13: 169.1 | Y13: 160.8 | Z13: 155.7 | AA13: 158.6 | AB13: 163.9 | AC13: 192.7 | AD13: 161
A14: Rural+Urban | B14: 2021 | C14: November | D14: =DATE(B14,MONTH(1&C14),1) -> 44501 | E14: 148.2 | F14: 201.6 | G14: 173 | H14: 159.3 | I14: 190.1 | J14: 156.5 | K14: 199.2 | L14: 165.3 | M14: 122.4 | N14: 169.6 | O14: 163.7 | P14: 175.5 | Q14: 169.7 | R14: 167.2 | S14: 157.4 | T14: 165.8 | U14: 164.2 | V14: 159.3 | W14: 163.9 | X14: 169.9 | Y14: 162.2 | Z14: 154.8 | AA14: 159.8 | AB14: 164.3 | AC14: 192.9 | AD14: 161.4
... A32: Rural+Urban | B32: 2023 | C32: May | D32: =DATE(B32,MONTH(1&C32),1) -> 45047 | E32: 173.7 | F32: 214.3 | G32: 173.2 | H32: 179.5 | I32: 170 | J32: 172.2 | K32: 161 | L32: 175.6 | M32: 122.7 | N32: 218 | O32: 173.4 | P32: 194.2 | Q32: 179.1 | R32: 187.3 | S32: 179.7 | T32: 186.2 | U32: 175.6 | V32: 175.2 | W32: 182.8 | X32: 185.7 | Y32: 185.2 | Z32: 164.8 | AA32: 171.2 | AB32: 177.1 | AC32: 201 | AD32: 175.7
K34: https://www.indexmundi.com/commodities/?commodity=crude-oil-brent&months=60&currency=inr
A36: Rural
A37: Sector | B37: Year | C37: Month | D37: Date | E37: Cereals and products | F37: Meat and fish | G37: Egg | H37: Milk and products | I37: Oils and fats | J37: Fruits | K37: Vegetables | L37: Pulses and products | M37: Sugar and Confectionery | N37: Spices | O37: Non-alcoholic beverages | P37: Prepared meals, snacks, sweets etc. | Q37: Food and beverages | R37: Clothing | S37: Footwear | T37: Clothing and footwear | U37: Housing | V37: Household goods and services | W37: Fuel and light | X37: Health | Y37: Personal care and effects | Z37: Transport and communication | AA37: Recreation and amusement | AB37: Education | AC37: Pan, tobacco and intoxicants | AD37: Miscellaneous
A38: Rural | B38: 2020 | C38: December | D38: =DATE(B38,MONTH(1&C38),1) -> 44166 | E38: 144.6 | F38: 188.5 | G38: 173.4 | H38: 154 | I38: 150 | J38: 145.9 | K38: 225.2 | L38: 159.5 | M38: 114.4 | N38: 163.5 | O38: 153.4 | P38: 163.6 | Q38: 164.5 | R38: 157 | S38: 151.6 | T38: 156.3 | U38: 139.25 | V38: 153.4 | W38: 148.7 | X38: 161.6 | Y38: 156.6 | Z38: 146.4 | AA38: 153.9 | AB38: 162.9 | AC38: 183.6 | AD38: 155.2
A39: Rural | B39: 2021 | C39: January | D39: =DATE(B39,MONTH(1&C39),1) -> 44197 | E39: 143.4 | F39: 187.5 | G39: 173.4 | H39: 154 | I39: 154.8 | J39: 147 | K39: 187.8 | L39: 159.5 | M39: 113.8 | N39: 164.5 | O39: 156.1 | P39: 164.3 | Q39: 159.6 | R39: 157.5 | S39: 152.4 | T39: 156.8 | U39: 139.25 | V39: 153.9 | W39: 150.9 | X39: 162.5 | Y39: 156.2 | Z39: 147.5 | AA39: 155.1 | AB39: 163.5 | AC39: 184.6 | AD39: 155.9
A40: Rural | B40: 2021 | C40: February | D40: =DATE(B40,MONTH(1&C40),1) -> 44228 | E40: 142.8 | F40: 184 | G40: 168 | H40: 154.4 | I40: 163 | J40: 147.8 | K40: 149.7 | L40: 158.3 | M40: 111.8 | N40: 165 | O40: 160 | P40: 165.8 | Q40: 154.7 | R40: 159.1 | S40: 153.9 | T40: 158.4 | U40: 139.25 | V40: 154.8 | W40: 154.4 | X40: 164.3 | Y40: 155.2 | Z40: 150.2 | AA40: 157 | AB40: 163.6 | AC40: 186.5 | AD40: 157.2
A41: Rural | B41: 2021 | C41: March | D41: =DATE(B41,MONTH(1&C41),1) -> 44256 | E41: 142.5 | F41: 189.4 | G41: 163.2 | H41: 154.5 | I41: 168.2 | J41: 150.5 | K41: 141 | L41: 159.2 | M41: 111.7 | N41: 164 | O41: 160.6 | P41: 166.4 | Q41: 154.5 | R41: 159.6 | S41: 154.4 | T41: 158.9 | U41: 139.25 | V41: 154.8 | W41: 156 | X41: 164.6 | Y41: 153.1 | Z41: 151.3 | AA41: 157.8 | AB41: 163.8 | AC41: 186.1 | AD41: 157.3
A42: Rural | B42: 2021 | C42: April | D42: =DATE(B42,MONTH(1&C42),1) -> 44287 | E42: 142.7 | F42: 195.5 | G42: 163.4 | H42: 155 | I42: 175.2 | J42: 160.6 | K42: 135.1 | L42: 161.1 | M42: 112.2 | N42: 164.4 | O42: 161.9 | P42: 166.8 | Q42: 155.6 | R42: 160.7 | S42: 155.1 | T42: 159.9 | U42: 139.25 | V42: 155.5 | W42: 158.9 | X42: 165.3 | Y42: 154.6 | Z42: 151.7 | AA42: 158.6 | AB42: 164.1 | AC42: 186.8 | AD42: 158
A43: Rural | B43: 2021 | C43: May | D43: =DATE(B43,MONTH(1&C43),1) -> 44317 | E43: 145.1 | F43: 198.5 | G43: 168.6 | H43: 155.8 | I43: 184.4 | J43: 162.3 | K43: 138.4 | L43: 165.1 | M43: 114.3 | N43: 169.7 | O43: 164.6 | P43: 169.8 | Q43: 158.7 | R43: 165.3 | S43: 160.6 | T43: 164.5 | U43: 139.25 | V43: 158.8 | W43: 161.7 | X43: 169.1 | Y43: 159.3 | Z43: 153.2 | AA43: 160 | AB43: 167.6 | AC43: 189.6 | AD43: 161.1
A44: Rural | B44: 2021 | C44: June | D44: =DATE(B44,MONTH(1&C44),1) -> 44348 | E44: 145.6 | F44: 200.1 | G44: 179.3 | H44: 156.1 | I44: 190.4 | J44: 158.6 | K44: 144.7 | L44: 165.5 | M44: 114.6 | N44: 170 | O44: 165.5 | P44: 171.7 | Q44: 160.5 | R44: 165.3 | S44: 159.9 | T44: 164.6 | U44: 139.25 | V44: 159.2 | W44: 162.1 | X44: 169.7 | Y44: 159.4 | Z44: 154.2 | AA44: 160.4 | AB44: 166.8 | AC44: 189.1 | AD44: 161.5
A45: Rural | B45: 2021 | C45: July | D45: =DATE(B45,MONTH(1&C45),1) -> 44378 | E45: 145.1 | F45: 204.5 | G45: 180.4 | H45: 157.1 | I45: 188.7 | J45: 157.7 | K45: 152.8 | L45: 163.6 | M45: 113.9 | N45: 169.7 | O45: 166.2 | P45: 171 | Q45: 161.7 | R45: 166 | S45: 161.1 | T45: 165.3 | U45: 139.25 | V45: 160.3 | W45: 162.5 | X45: 170.4 | Y45: 160.4 | Z45: 157.1 | AA45: 160.7 | AB45: 167.2 | AC45: 189.7 | AD45: 162.8
A46: Rural | B46: 2021 | C46: August | D46: =DATE(B46,MONTH(1&C46),1) -> 44409 | E46: 144.9 | F46: 202.3 | G46: 176.5 | H46: 157.5 | I46: 190.9 | J46: 155.7 | K46: 153.9 | L46: 162.8 | M46: 115.2 | N46: 169.8 | O46: 167.6 | P46: 171.9 | Q46: 161.8 | R46: 167 | S46: 162.6 | T46: 166.3 | U46: 139.25 | V46: 160.9 | W46: 163.1 | X46: 171.1 | Y46: 160.3 | Z46: 157.7 | AA46: 161.1 | AB46: 167.5 | AC46: 190.2 | AD46: 163.3
A47: Rural | B47: 2021 | C47: September | D47: =DATE(B47,MONTH(1&C47),1) -> 44440 | E47: 145.4 | F47: 202.1 | G47: 172 | H47: 158 | I47: 195.5 | J47: 152.7 | K47: 151.4 | L47: 163.9 | M47: 119.3 | N47: 170.1 | O47: 168.3 | P47: 172.8 | Q47: 162.1 | R47: 167.7 | S47: 163.6 | T47: 167.1 | U47: 139.25 | V47: 161.3 | W47: 163.7 | X47: 171.9 | Y47: 160.2 | Z47: 157.8 | AA47: 162.7 | AB47: 168.5 | AC47: 190.5 | AD47: 163.8
A48: Rural | B48: 2021 | C48: October | D48: =DATE(B48,MONTH(1&C48),1) -> 44470 | E48: 146.1 | F48: 202.5 | G48: 170.1 | H48: 158.4 | I48: 198.8 | J48: 152.6 | K48: 170.4 | L48: 165.2 | M48: 121.6 | N48: 170.6 | O48: 168.8 | P48: 173.6 | Q48: 165.5 | R48: 168.9 | S48: 164.8 | T48: 168.3 | U48: 139.25 | V48: 162 | W48: 165.5 | X48: 172.5 | Y48: 161.1 | Z48: 159.5 | AA48: 163.2 | AB48: 169 | AC48: 191.2 | AD48: 164.7
